trans_id,trans_date_trans_time,cc_num,merchant,category,amt,first,last,gender,street,city,state,lat,long,city_pop,job,dob,merch_lat,merch_long,is_fraud,customer_id
295780.0,12/26/2023 0:55,579516000000.0,fraud_Bedi-Krish Pvt Ltd,,8552.65,Baiju,Sharma,F,"043, Lall Nagar, Dhule-732630",,Rajasthan,-3.6610785,145.222241,691077.0,"Surveyor, hydrographic",2/23/1993,-3.676868,145.213831,0.0,
863303.0,9/18/2022 23:30,503864000000.0,fraud_Brar-Brahmbhatt Pvt Ltd,travel,2967.16,Anaya,Kamdar,M,"01/28, Chandra Path, Sagar 203284",Bardhaman,Himachal Pradesh,20.201716,-79.78533,845481.0,,2/19/1939,20.215767,-79.790787,0.0,1.06e+18
459941.0,10/6/2022 23:10,376730000000000.0,fraud_Gara Ltd Pvt Ltd,online_shopping,4844.46,Navya,Dhar,M,"653, Korpal Chowk, Bellary-511893",Motihari,Assam,84.267862,55.670045,75153.0,Consulting civil engineer,,84.257491,55.661381,1.0,-5.24e+18
970970.0,5/23/2022 2:28,,fraud_Kade and Sons Pvt Ltd,online_shopping,4346.33,Dishani,Sanghvi,M,"84/74, Sibal Ganj, Ambattur 304534",,Mizoram,,-26.465376,276638.0,Adult guidance worker,12/5/1987,24.399995,,0.0,1.03e+18
596098.0,7/8/2023 15:33,6011110000000000.0,fraud_Din Ltd Pvt Ltd,,4680.19,Pranay,Gera,M,"20/44, Sarna Marg, Ichalkaranji-367844",Khandwa,Jharkhand,11.3734685,85.654722,113895.0,Waste management officer,9/8/1983,,85.653218,1.0,6.12e+17
114571.0,12/31/2023 15:07,180003000000000.0,fraud_Dugar-Krishna Pvt Ltd,fitness_and_medical,4218.36,Dhruv,Basak,M,,Dehradun,Himachal Pradesh,-25.428324,172.292314,705525.0,Operational researcher,4/3/1956,-25.434908,172.283027,0.0,2.82e+18
549430.0,1/15/2024 16:21,3596270000000000.0,fraud_Magar-Amble Pvt Ltd,online_shopping,8463.53,Pari,Karnik,F,"68/94, Chana Path, Vadodara-277116",Kota,Mizoram,33.9828845,-89.27436,320937.0,"Therapist, horticultural",3/9/1969,33.970497,-89.265075,1.0,1.7e+18
125736.0,2/23/2024 20:30,4729600000000.0,,online_shopping,774.15,Shayak,Raja,M,"H.No. 00, Dube Circle, Lucknow-458601",Warangal,,61.2310605,,732559.0,,6/4/1969,61.247111,25.391907,,-6.6e+18
941247.0,3/2/2024 17:29,4481120000000.0,fraud_Chahal-Bala Pvt Ltd,,3980.61,Kimaya,Joshi,,"32, Shukla Zila, Madhyamgram 840443",Orai,Haryana,-6.347741,-60.029472,186019.0,Haematologist,10/29/1994,-6.351083,,1.0,8.59e+17
899756.0,9/12/2022 1:44,30314400000000.0,fraud_Rattan-Bajwa Pvt Ltd,entertainment,2266.66,Dharmajan,Bhat,F,"05/532, Rout Street, Berhampur-190737",,Goa,-5.0962085,47.765325,,Analytical chemist,6/14/2002,-5.082805,47.752476,0.0,6.08e+18
547724.0,9/13/2023 15:53,5363840000000000.0,fraud_Dua and Sons Pvt Ltd,online_shopping,4013.77,Raghav,Uppal,F,"38/126, Konda Road, Kollam-615377",Jorhat,Tamil Nadu,-21.5656345,-84.972519,610770.0,Hotel manager,5/27/1951,-21.576412,-84.972834,0.0,-5.44e+18
670072.0,1/26/2024 11:01,3507850000000000.0,,fitness_and_medical,2266.55,Jivin,Solanki,M,"H.No. 81, Gade Street, Begusarai 029320",Miryalaguda,Tamil Nadu,-48.317118,-24.209989,333286.0,Chartered accountant,4/26/2000,,-24.190722,0.0,-7.74e+18
555285.0,4/18/2022 16:15,6011860000000000.0,"fraud_Mallick, Walia and Karan Pvt Ltd",travel,7377.0,Mishti,Tandon,F,"45, Sagar Zila, Udaipur-072803",Panvel,Assam,-56.610637,-108.960791,916731.0,Research scientist (physical sciences),3/31/1976,-56.616947,-108.979671,1.0,-3.97e+18
756974.0,5/5/2022 14:31,4943450000000.0,fraud_Ray-Hegde Pvt Ltd,online_shopping,2045.89,Vanya,Sarraf,M,"556, Kata Zila, Jhansi-935082",Tenali,Kerala,-38.1978205,-61.695542,548813.0,Musician,8/6/1965,-38.185459,-61.7113,1.0,3.97e+18
508037.0,7/14/2023 12:32,213162000000000.0,fraud_Dara-Samra Pvt Ltd,online_shopping,1153.17,Kiaan,Goel,M,"81/34, Thakkar Marg, Ballia-244000",Dibrugarh,Andhra Pradesh,52.4248485,-53.759626,707956.0,Occupational psychologist,4/9/1992,52.419008,-53.748424,0.0,8.61e+18
370149.0,6/23/2023 9:55,,fraud_Banerjee LLC Pvt Ltd,fitness_and_medical,4103.02,Onkar,Kata,M,"H.No. 95, Vohra Nagar, Jammu-960236",Rajpur Sonarpur,Sikkim,-89.9139135,1.625696,873490.0,,7/7/1940,-89.92907,1.625589,0.0,-1.72e+17
579807.0,9/2/2022 16:16,6543210000000000.0,fraud_Luthra PLC Pvt Ltd,,2403.58,,Dara,M,"90/946, Balasubramanian, Durg-194256",Patiala,Maharashtra,-4.8391445,-58.194927,648608.0,Purchasing manager,8/6/1940,-4.829683,-58.178296,1.0,1.35e+18
720925.0,2/27/2024 9:59,4.88009e+18,"fraud_Chada, Bedi and Sampath Pvt Ltd",online_shopping,7973.79,Nehmat,Choudhury,M,"49/952, Kakar Nagar, Vijayanagaram-370035",Cuttack,Bihar,21.3693485,-146.657157,947031.0,Translator,3/11/1950,21.350443,-146.670459,1.0,-2.28e+18
770443.0,3/3/2024 0:15,349601000000000.0,fraud_Madan and Sons Pvt Ltd,travel,526.89,Mannat,Shan,M,"29/334, Maharaj Road, Firozabad 180422",Noida,Odisha,-30.237738,37.740924,927747.0,Forensic psychologist,7/15/1983,-30.220527,37.72217,0.0,1.07e+18
,5/2/2023 14:31,342425000000000.0,"fraud_Kaur, Dugal and Bandi Pvt Ltd",online_shopping,638.63,Faiyaz,,,"H.No. 91, Golla Street, Bettiah 550241",Delhi,Nagaland,-18.271693,25.679813,957190.0,"Programmer, multimedia",8/24/1995,-18.256123,25.670867,0.0,5.17e+18
110942.0,6/17/2022 14:45,377697000000000.0,"fraud_Kulkarni, Barad and Chana Pvt Ltd",entertainment,893.26,Kaira,Mallick,,"10/519, Saraf, Davanagere-906218",Noida,Punjab,17.0374765,61.015801,620530.0,Chiropodist,,17.020434,61.013323,1.0,7.57e+18
150825.0,4/30/2023 7:08,6571230000000000.0,fraud_Kannan-Karan Pvt Ltd,entertainment,5268.76,,Kara,M,"H.No. 396, Chana, Jhansi-848570",Junagadh,Assam,-80.8017145,-117.181674,822093.0,Theatre stage manager,3/31/1975,-80.809912,-117.185206,1.0,-8.62e+17
653243.0,7/29/2022 17:04,4658900000000000.0,fraud_Borra Ltd Pvt Ltd,entertainment,5782.1,Mahika,Comar,F,"65/694, Mannan Nagar, Bardhaman 117354",Kirari Suleman Nagar,Telangana,72.9116625,49.296893,237669.0,"Teacher, early years/pre",2/16/2000,72.907918,49.302947,0.0,-4.76e+18
997544.0,4/29/2023 0:37,501889000000.0,fraud_Joshi-Soni Pvt Ltd,travel,4000.92,Riaan,,M,"H.No. 44, Lad Nagar, Bhubaneswar-225630",Varanasi,West Bengal,-73.614622,-88.761696,439302.0,Microbiologist,6/30/2002,-73.601002,-88.747408,1.0,4.91e+18
942432.0,12/9/2022 21:35,676330000000.0,fraud_Issac Inc Pvt Ltd,entertainment,183.66,Aayush,Deshpande,M,"H.No. 235, Bhattacharyya Zila, Sultan Pur Majra-847955",Latur,Maharashtra,55.3662245,172.892662,660473.0,Risk analyst,11/19/2005,,172.892896,1.0,2.78e+18
137751.0,4/17/2022 16:15,4031150000000000.0,,entertainment,5497.95,Mahika,Edwin,M,"H.No. 160, Kalita Ganj, Rohtak-377439",Durgapur,Rajasthan,-41.8450655,-33.71324,,Counselling psychologist,2/7/1992,-41.838546,-33.729643,1.0,-2.07e+18
440297.0,6/1/2022 23:15,3583970000000000.0,fraud_Singhal Inc Pvt Ltd,travel,9886.11,Anika,Sekhon,F,"470, Kari Nagar, Dibrugarh 970310",Ongole,,,-19.624699,907355.0,"Conservation officer, nature",6/11/1990,-57.739394,,,
987961.0,4/8/2024 7:51,6011250000000000.0,,travel,8703.87,Shlok,Manne,F,"H.No. 62, Lalla, Kumbakonam-881755",Kulti,Uttar Pradesh,20.501036,110.70799,966106.0,Music tutor,4/3/1976,20.519965,110.7191,1.0,
807786.0,,6552320000000000.0,fraud_Sathe-Sehgal Pvt Ltd,online_shopping,,Samiha,Ramachandran,M,"H.No. 717, Badal Path, Burhanpur-814788",Mahbubnagar,Arunachal Pradesh,74.041514,-29.693546,59703.0,,9/15/1975,74.031166,-29.676995,,-1.22e+18
706180.0,12/27/2022 0:14,4604770000000.0,fraud_Rege LLC Pvt Ltd,,9401.46,Ivan,Konda,F,"99/241, Saxena Marg, Guwahati 274759",Rohtak,Sikkim,-47.1760295,89.537494,114169.0,,12/21/1990,-47.157786,89.554979,0.0,
409881.0,11/27/2023 12:10,6011610000000000.0,fraud_Gala-Deshpande Pvt Ltd,fitness_and_medical,3301.37,Jayesh,Randhawa,M,"06/687, Issac Nagar, Hyderabad 728800",Danapur,Gujarat,85.9573285,84.690647,957017.0,Futures trader,3/15/1993,85.971803,84.671737,0.0,-8.07e+18
818154.0,7/17/2022 2:48,4458960000000.0,fraud_Verma-Kashyap Pvt Ltd,online_shopping,3400.51,Anaya,Atwal,F,,Hospet,Odisha,-84.8313615,115.261117,525338.0,Prison officer,,-84.824517,115.25441,0.0,8.51e+18
301129.0,5/5/2022 0:36,30534000000000.0,fraud_Balan-Saini Pvt Ltd,fitness_and_medical,9545.57,Zain,Tella,M,"H.No. 68, Butala, Kishanganj 621025",Howrah,,29.1972995,-62.543791,698503.0,Contractor,8/30/1966,,-62.552482,1.0,-5.01e+18
213417.0,9/7/2022 4:46,,fraud_Shanker LLC Pvt Ltd,online_shopping,5184.13,Saksham,Kapoor,M,"65/36, Keer Ganj, Karawal Nagar 206976",Akola,Kerala,75.178326,-61.222762,806286.0,Magazine journalist,8/7/1982,75.180586,-61.215993,1.0,-2.76e+18
709657.0,7/11/2022 11:28,30477600000000.0,fraud_Gour-Choudhary Pvt Ltd,fitness_and_medical,5795.96,Alisha,Dani,F,"94, Dey Road, Hospet-946942",Sultan Pur Majra,Andhra Pradesh,-30.3117285,126.930447,217114.0,,1/30/1974,-30.316764,,1.0,-4.56e+18
647212.0,,3573230000000000.0,"fraud_Chanda, Gade and Vaidya Pvt Ltd",travel,1054.76,,Srinivasan,M,"43/89, Bumb Road, Jodhpur-140664",,,21.7871305,-59.637376,16535.0,Recruitment consultant,10/9/1990,,-59.654242,0.0,8.55e+18
834210.0,11/28/2022 8:41,6011760000000000.0,"fraud_Sachdeva, Bhatia and Sandhu Pvt Ltd",online_shopping,693.23,Jayant,Sehgal,F,"H.No. 37, Keer Ganj, Ramagundam-194088",,,13.0433755,-34.188634,840443.0,Herbalist,6/17/1971,13.039684,-34.174425,1.0,2.14e+18
679039.0,8/27/2023 20:10,6011270000000000.0,"fraud_Sharaf, Ganesh and Jhaveri Pvt Ltd",entertainment,771.81,,Varghese,M,,Madhyamgram,Chhattisgarh,,-176.329126,453787.0,Theme park manager,10/11/1961,-12.922434,-176.336884,0.0,-4.78e+18
848010.0,6/16/2022 7:46,3505580000000000.0,,travel,350.95,,Karpe,M,"404, Srivastava Road, Kolhapur-934089",Singrauli,Bihar,-54.3175685,-157.270142,302128.0,Museum/gallery curator,12/12/1941,-54.308012,-157.252557,,
364192.0,6/22/2022 19:40,501817000000.0,"fraud_Mangal, Shenoy and Shah Pvt Ltd",online_shopping,5002.86,Tara,Bir,F,"076, Khanna Marg, Udaipur-136717",Alwar,Arunachal Pradesh,-35.001671,,835666.0,Information systems manager,7/14/1960,-34.993291,-175.506362,1.0,8.39e+18
375490.0,4/28/2023 11:26,4.28834e+18,fraud_Singhal-Gandhi Pvt Ltd,fitness_and_medical,3956.8,Taimur,Sen,F,"H.No. 36, Agate Marg, Hosur 043026",Kirari Suleman Nagar,Karnataka,-47.6051255,24.50032,,Tourist information centre manager,,-47.614639,,1.0,-3.67e+18
,9/18/2022 23:04,30250000000000.0,"fraud_Gade, Kunda and Randhawa Pvt Ltd",online_shopping,2293.84,Misha,Gala,F,"H.No. 445, Mangat Ganj, Kollam-338596",Gurgaon,Tripura,19.116517,-105.709415,190588.0,Health service manager,4/27/1986,19.122628,-105.703158,0.0,7.86e+18
704619.0,7/8/2022 6:58,4907450000000000.0,"fraud_Maharaj, Shah and Johal Pvt Ltd",online_shopping,,Baiju,Bath,M,"36/40, Gokhale Chowk, Fatehpur 099651",Dehri,Chhattisgarh,-47.057674,-57.548465,537678.0,Paramedic,10/17/1975,-47.074498,,1.0,1.64e+18
666422.0,8/19/2022 0:10,675979000000.0,fraud_Taneja-Vig Pvt Ltd,,4618.4,Dhanuk,Sarna,M,"25, Bajaj Road, Kalyan-Dombivli-881001",Bhubaneswar,Telangana,27.591541,-1.346582,777520.0,Geochemist,6/22/1993,27.586917,-1.3492,,-7.77e+18
399305.0,1/6/2023 18:26,630433000000.0,fraud_Sachar-Mandal Pvt Ltd,entertainment,7714.5,Raunak,Taneja,F,"70/16, Mandal Circle, Pune 252560",,Uttarakhand,29.202648,-29.121981,886472.0,Midwife,8/3/2005,29.197023,-29.103323,1.0,1.57e+18
980733.0,3/29/2024 17:11,3539090000000000.0,fraud_Bhandari-Kannan Pvt Ltd,fitness_and_medical,3899.14,Mohanlal,Sundaram,F,"H.No. 104, Sarin Circle, Kozhikode-567739",Bidhannagar,,-88.4970385,121.837013,753706.0,Recycling officer,11/20/1971,-88.496648,121.833352,0.0,-9.17e+18
375524.0,7/20/2022 3:49,376747000000000.0,"fraud_Dhaliwal, Joshi and Edwin Pvt Ltd",online_shopping,9682.93,Sahil,Mangal,M,"H.No. 34, Banerjee, Raurkela Industrial Township 829245",Kulti,Himachal Pradesh,-58.6992665,-55.10263,909490.0,Chief Operating Officer,8/20/1944,-58.709102,-55.110735,0.0,2.46e+18
654251.0,12/1/2022 7:14,4.16755e+18,fraud_Mannan-Agarwal Pvt Ltd,travel,6528.97,Riaan,Kalla,F,"65/664, Shah Street, Bhimavaram 842292",,Kerala,,166.941528,623852.0,Music therapist,6/28/1996,68.389109,166.936028,0.0,-6.47e+18
807372.0,5/11/2023 3:00,346728000000000.0,fraud_Bali Group Pvt Ltd,entertainment,3449.66,Rohan,Chaudhari,M,,Bhilwara,Tamil Nadu,-35.2592115,-149.652803,638592.0,Biomedical engineer,11/8/1968,-35.251355,-149.647434,0.0,5.2e+18
420296.0,5/11/2022 11:57,4439560000000000.0,fraud_Sood PLC Pvt Ltd,fitness_and_medical,819.58,Misha,,M,"H.No. 047, Dutta Chowk, Muzaffarpur-220881",Mathura,Nagaland,41.7440625,35.357955,135865.0,"Engineer, production",10/1/1964,41.724558,35.372576,1.0,3.79e+18
108661.0,2/2/2023 9:46,4.70165e+18,fraud_Sankar-Magar Pvt Ltd,fitness_and_medical,6708.31,Ira,Kaul,,"H.No. 845, Basak Nagar, Ghaziabad 409489",Anantapuram,Haryana,,28.496421,783400.0,Mental health nurse,9/3/1970,3.929496,28.477414,1.0,-4.5e+18
917646.0,1/27/2024 0:35,345776000000000.0,"fraud_Chokshi, Tella and Bedi Pvt Ltd",entertainment,1176.94,Samiha,Upadhyay,M,"69/02, Dar Nagar, Kottayam 997280",Thanjavur,,81.132509,-10.628519,384207.0,Audiological scientist,3/14/1983,81.127494,-10.63486,1.0,1.44e+17
302916.0,12/21/2022 18:55,3570170000000000.0,,travel,2856.37,Khushi,Vora,F,"77/31, Kakar Circle, Patiala 370528",Saharsa,Odisha,-85.923938,94.000237,660260.0,Operations geologist,10/26/1940,,93.995655,0.0,8.52e+18
,5/2/2023 18:03,343149000000000.0,fraud_Sibal-Acharya Pvt Ltd,entertainment,7222.35,Yuvaan,Karnik,M,"H.No. 931, Wable Road, Shahjahanpur 107874",Chittoor,Uttarakhand,-70.1626545,172.778424,377779.0,"Optician, dispensing",6/27/1941,-70.14676,,0.0,
506641.0,6/10/2022 17:06,36659900000000.0,"fraud_Dara, Dhawan and Garde Pvt Ltd",travel,8431.13,Parinaaz,Kalla,M,"H.No. 42, Magar Zila, Panipat-367707",,Odisha,-82.161419,,30396.0,Data processing manager,10/29/1997,-82.154802,49.927356,0.0,4.02e+18
,6/21/2023 9:06,3532280000000000.0,fraud_Samra Ltd Pvt Ltd,entertainment,3361.29,,Bhatti,F,"30, Khalsa Chowk, Nanded 679034",Mangalore,Madhya Pradesh,67.3751565,157.835163,613180.0,Risk analyst,1/21/2005,67.371686,157.835263,0.0,-3.67e+18
383119.0,4/24/2022 16:44,2477590000000000.0,fraud_Iyengar LLC Pvt Ltd,fitness_and_medical,5713.61,Elakshi,,M,"46, Dey Zila, Guntur-354847",Kanpur,,-87.4309985,-115.612112,913541.0,Toxicologist,6/13/2003,,-115.613344,,9.28e+17
109237.0,9/17/2023 16:29,4990520000000000.0,fraud_Badal LLC Pvt Ltd,online_shopping,2865.72,Zaina,Badal,M,"02/100, Ghosh Ganj, Shivpuri-650034",Udupi,Haryana,-20.195851,-23.82062,121174.0,Human resources officer,1/18/1994,-20.186519,-23.801772,1.0,-4.76e+18
835708.0,9/13/2022 8:17,,"fraud_Sundaram, Hari and Uppal Pvt Ltd",entertainment,9822.97,Yashvi,Dhingra,M,"H.No. 22, Chawla Road, Mango-310168",Bidar,Gujarat,-48.0217355,,22466.0,"Psychotherapist, dance movement",3/22/1990,-48.009297,-49.501121,1.0,-2.7e+18
314930.0,3/2/2024 8:23,3518840000000000.0,fraud_Loke-Contractor Pvt Ltd,fitness_and_medical,3627.59,Armaan,De,M,"87/74, Madan Ganj, Berhampur 017587",Solapur,Manipur,-79.9255305,,297762.0,Photographer,9/15/1960,-79.91129,114.267971,1.0,-2.59e+18
251349.0,8/25/2023 20:42,213133000000000.0,fraud_Gupta-Hayer Pvt Ltd,entertainment,7550.26,Ahana ,Dubey,F,,Kota,Jharkhand,-65.2282105,-79.586344,745913.0,Social worker,5/28/1996,-65.21828,-79.601678,1.0,2.31e+18
310038.0,,4121850000000.0,fraud_Hayer Ltd Pvt Ltd,travel,3619.74,Fateh,Khatri,F,,Tiruchirappalli,Arunachal Pradesh,-66.3926045,-160.568745,162699.0,Economist,8/15/1951,-66.403475,,0.0,-6.8e+18
297599.0,6/2/2022 14:15,4253180000000000.0,fraud_Lall-Lanka Pvt Ltd,,9318.66,Miraya,Varughese,M,"H.No. 41, Sem Zila, Aurangabad 927551",,,3.7999615,86.902564,185950.0,Recycling officer,5/19/1942,3.784721,86.892908,0.0,-1.42e+18
917966.0,10/12/2023 8:56,577187000000.0,fraud_Ramachandran-Randhawa Pvt Ltd,travel,9225.79,Jivika,Dhingra,,"988, Dyal Street, Bongaigaon-883771",Barasat,Sikkim,32.09578,-86.656822,789474.0,"Clinical scientist, histocompatibility and immunogenetics",3/14/1983,,-86.675878,0.0,3.19e+18
540754.0,4/21/2022 18:21,676281000000.0,fraud_Banerjee-Ahuja Pvt Ltd,online_shopping,3722.84,Miraya,Chandran,F,"H.No. 814, Randhawa Chowk, Sonipat-439132",Thanjavur,Madhya Pradesh,-10.2394085,-114.347798,595116.0,Hydrologist,1/26/2000,-10.251251,-114.3324,1.0,6.95e+17
669216.0,4/4/2023 19:59,213163000000000.0,"fraud_Sachdeva, Dalal and Garg Pvt Ltd",entertainment,9153.11,Saira,,M,"83, Sridhar Ganj, Tinsukia-703872",Bettiah,,,,387300.0,Chemical engineer,,-60.086841,161.923162,0.0,2.86e+18
975625.0,10/23/2022 22:35,180087000000000.0,fraud_Balay and Sons Pvt Ltd,travel,1297.18,Saksham,Bhattacharyya,M,"H.No. 50, Gole Zila, Phusro-121463",Berhampore,West Bengal,-75.8827,173.1102,257265.0,Chartered accountant,8/15/1986,-75.878988,173.115817,1.0,5.21e+18
276777.0,8/9/2022 2:32,30009300000000.0,fraud_Sharaf and Sons Pvt Ltd,,1617.69,Prisha,Char,F,"45, Sagar Road, Kishanganj-971373",Hyderabad,Andhra Pradesh,52.819951,-91.213626,449942.0,Paediatric nurse,5/22/1952,52.819555,,0.0,9.27e+17
132923.0,4/25/2022 9:51,213132000000000.0,"fraud_Vyas, Sunder and Shah Pvt Ltd",travel,7969.62,Trisha,Samra,F,"45/066, Mahal Road, Jabalpur-879153",Sasaram,Manipur,-18.5102025,-114.930025,771996.0,,12/21/2002,-18.514105,-114.935926,1.0,-9.12e+18
679900.0,5/30/2022 11:27,6011830000000000.0,fraud_Mall and Sons Pvt Ltd,entertainment,4810.97,Shamik,Taneja,F,,Gurgaon,Tripura,54.7883845,156.708873,542842.0,Fine artist,2/22/2002,54.77451,156.725758,0.0,4.24e+17
386144.0,,2720800000000000.0,fraud_Kibe Inc Pvt Ltd,entertainment,5734.3,Alisha,Korpal,M,"44, Dugar Circle, Korba-422359",Gandhidham,Manipur,50.8673165,-89.603281,,Professor Emeritus,,50.856316,-89.622983,1.0,-1.34e+18
423548.0,2/22/2023 0:52,,fraud_Agate-Keer Pvt Ltd,online_shopping,6536.89,Jivin,Deep,M,"H.No. 24, Iyengar Marg, Aurangabad-798544",Belgaum,Madhya Pradesh,,-158.384002,418043.0,Electrical engineer,10/31/1963,78.514503,-158.366192,0.0,-6.37e+18
673051.0,5/23/2023 8:20,576503000000.0,"fraud_Sen, Butala and Saini Pvt Ltd",fitness_and_medical,7336.66,Akarsh,Ramanathan,F,"70/46, Shukla Chowk, Panipat-474358",,Tripura,19.081961,-112.635883,579908.0,Dispensing optician,,19.069837,-112.621948,1.0,4.28e+18
116701.0,2/27/2023 8:20,675917000000.0,fraud_Randhawa PLC Pvt Ltd,travel,3864.91,Drishya,Dani,F,"140, Toor Chowk, Aurangabad-724866",Bidhannagar,Tripura,-74.806636,-155.6454,677675.0,"Engineer, civil (contracting)",8/6/1976,-74.824621,-155.638275,1.0,4.77e+17
308568.0,7/29/2023 16:44,213144000000000.0,fraud_Tandon PLC Pvt Ltd,online_shopping,2721.58,Madhup,Vig,M,"H.No. 54, Trivedi Circle, Guntakal-872454",Burhanpur,Punjab,66.155676,-128.911221,581719.0,"Conservator, museum/gallery",11/5/1951,66.163892,-128.893902,1.0,1.15e+18
807315.0,6/14/2022 15:15,4590700000000000.0,"fraud_Lanka, Tailor and Dhawan Pvt Ltd",fitness_and_medical,8817.31,Anahi,,F,"561, Babu Marg, Vijayawada-666820",Faridabad,Assam,72.501924,-28.707486,233543.0,Passenger transport manager,3/22/1988,72.489787,-28.711848,0.0,7.42e+18
998930.0,1/27/2023 0:46,,fraud_Golla-Bajaj Pvt Ltd,online_shopping,4186.86,Divij,Kashyap,M,"H.No. 02, Chaudhary Ganj, Secunderabad-613337",Aurangabad,Tripura,-69.0165545,-24.513052,982105.0,Government social research officer,5/16/1978,-69.02399,,0.0,8.35e+18
307013.0,12/4/2023 4:29,5195650000000000.0,"fraud_Dara, Kannan and Dugar Pvt Ltd",fitness_and_medical,5962.23,Anaya,Gandhi,F,"704, Kunda Path, Korba-770286",Nagaon,Manipur,-73.4478995,162.055418,950155.0,Training and development officer,2/2/1993,-73.46775,162.045451,1.0,6.54e+18
487351.0,4/20/2022 3:25,371729000000000.0,fraud_Swamy-Sanghvi Pvt Ltd,travel,1700.61,Jayan,Shroff,F,"H.No. 49, Doctor Zila, Panipat-125598",Bhatpara,Punjab,32.9818935,-167.199413,41284.0,,9/3/1976,,-167.19864,0.0,2.9e+18
440702.0,6/23/2023 1:15,3507020000000000.0,fraud_Char-Dani Pvt Ltd,,6223.93,Aayush,Sandhu,F,"H.No. 38, Raman Street, Bikaner-040145",Kolkata,Telangana,-36.389277,-111.275508,374733.0,,9/13/2001,-36.397244,-111.25844,1.0,9.09e+18
604303.0,6/27/2023 22:08,589350000000.0,fraud_Bath-Lata Pvt Ltd,,2305.81,Onkar,Sharma,F,"H.No. 230, Dalal Chowk, Jodhpur-659253",,Uttarakhand,52.508207,75.022618,274030.0,Accommodation manager,8/10/1987,52.519341,75.037044,,-3.19e+18
435239.0,,4952030000000000.0,"fraud_Karnik, Gupta and Shukla Pvt Ltd",entertainment,7268.91,Purab,Das,F,"217, Savant Chowk, Jehanabad-970238",Tezpur,Maharashtra,64.5397935,-118.233994,831819.0,"Production assistant, radio",11/25/2001,64.538916,-118.251833,0.0,3.14e+18
815001.0,,3570940000000000.0,fraud_Virk-Kibe Pvt Ltd,entertainment,1454.81,,Raman,F,"26/72, Walla Chowk, Junagadh-179625",Nashik,Assam,-32.7680945,161.610369,503982.0,English as a foreign language teacher,12/21/1939,-32.770912,161.622691,1.0,
303544.0,,213109000000000.0,fraud_Khatri-Chakrabarti Pvt Ltd,online_shopping,,Jayant,Gupta,M,"04/68, Srinivasan Zila, Raebareli-196744",,Telangana,-70.099004,110.302746,,Recruitment consultant,4/23/1987,-70.104208,110.29754,0.0,2.4e+18
198642.0,4/1/2024 4:34,2675200000000000.0,"fraud_Dugar, Zachariah and Shan Pvt Ltd",,,Chirag,Chana,M,"39/984, Amble Zila, Unnao 842465",Dibrugarh,Tripura,52.45132,150.975561,902549.0,Agricultural consultant,2/21/1949,52.462517,150.988001,0.0,-4.92e+17
725370.0,4/6/2023 4:54,4479350000000.0,"fraud_Bandi, Thaman and Yadav Pvt Ltd",online_shopping,6077.46,Lakshay,Chaudhari,M,"H.No. 57, Dara Marg, Davanagere-977844",Muzaffarpur,Maharashtra,-82.3003855,165.907891,171408.0,Proofreader,5/17/1975,-82.320025,165.899697,1.0,5.25e+18
711726.0,4/7/2024 16:36,582277000000.0,fraud_Sha-Wagle Pvt Ltd,travel,7464.69,Anya,Johal,F,"H.No. 018, Bobal Path, Asansol-407813",Vadodara,Bihar,,72.254608,240402.0,Geoscientist,3/13/1949,76.086618,72.242579,0.0,-5.33e+18
937877.0,,180061000000000.0,fraud_Yogi Group Pvt Ltd,entertainment,3251.31,Taimur,,M,,Uluberia,Telangana,-41.8461145,9.111877,349168.0,Mining engineer,4/26/1962,-41.843981,9.126061,0.0,9.84e+16
438033.0,8/27/2023 9:18,567764000000.0,fraud_Sarraf-Ganesan Pvt Ltd,travel,,Shray,Dhawan,F,"H.No. 475, Sridhar, Saharsa 732642",Ramgarh,,-18.485662,90.762616,717741.0,Applications developer,4/4/1996,-18.473673,90.780554,0.0,-4.67e+18
592546.0,7/29/2023 9:33,36648300000000.0,fraud_Mallick-Mander Pvt Ltd,fitness_and_medical,6637.0,Darshit,Singhal,F,,Orai,Arunachal Pradesh,43.470192,4.067064,,"Psychotherapist, child",4/17/1976,43.470326,4.065041,0.0,3.04e+18
160030.0,8/21/2022 12:35,30563300000000.0,fraud_Bansal and Sons Pvt Ltd,travel,3766.58,Tejas,Barad,M,"24/85, Butala Zila, Vellore-744118",Loni,Maharashtra,,2.15007,191359.0,Clinical embryologist,10/13/1963,60.609356,,0.0,8.59e+17
137849.0,9/28/2022 18:48,342199000000000.0,fraud_Chopra Inc Pvt Ltd,,4765.08,Kashvi,Sha,M,"57, Som Ganj, Malegaon 525670",Hindupur,Odisha,,73.918238,640081.0,Senior tax professional/tax inspector,10/25/1954,-75.807555,73.906233,1.0,-6.37e+18
879919.0,3/7/2023 20:55,3539260000000000.0,"fraud_Ben, Thaker and Trivedi Pvt Ltd",travel,7328.85,Vihaan,Karan,M,"H.No. 98, Wadhwa, Jamnagar 389668",Miryalaguda,Chhattisgarh,-5.1489625,166.468794,300949.0,Social worker,6/23/1991,-5.131184,166.453141,0.0,-6.71e+18
377187.0,4/26/2022 8:50,30100700000000.0,fraud_Bhatti-Rattan Pvt Ltd,online_shopping,3196.0,Chirag,Vohra,M,"69/09, Choudhry Chowk, Mahbubnagar-245265",Tumkur,Andhra Pradesh,,-169.029397,564626.0,"Education officer, community",2/26/1959,-0.557095,-169.030016,,
419448.0,7/9/2022 10:22,3565340000000000.0,fraud_Wagle Group Pvt Ltd,entertainment,3733.34,Tarini,,F,"00/319, Borde Path, Jehanabad 054076",Srikakulam,Tamil Nadu,-18.1778195,-141.917256,158242.0,Environmental health practitioner,1/22/1959,-18.165183,-141.923319,1.0,-7.89e+18
181212.0,10/1/2023 9:35,4.03735e+18,fraud_Vyas PLC Pvt Ltd,online_shopping,9100.38,Mannat,Devi,F,"22, Ram, Gwalior 983157",Meerut,Meghalaya,7.1295425,-146.110126,472068.0,Planning and development surveyor,,7.114402,-146.124507,1.0,6.06e+18
596098.0,7/8/2023 15:33,6011110000000000.0,fraud_Din Ltd Pvt Ltd,,4680.19,Pranay,Gera,M,"20/44, Sarna Marg, Ichalkaranji-367844",Khandwa,Jharkhand,11.3734685,85.654722,113895.0,Waste management officer,9/8/1983,,85.653218,1.0,6.12e+17
204642.0,1/4/2023 10:48,4198010000000000.0,fraud_Shetty LLC Pvt Ltd,travel,5733.65,,Gaba,M,"44/09, Tella Ganj, Delhi-536204",Imphal,Haryana,67.7769235,-156.289445,280506.0,"Nurse, learning disability",11/6/1948,67.758804,-156.290515,0.0,4.1e+18
697722.0,6/6/2023 4:41,4214900000000.0,fraud_Balay-Chaudry Pvt Ltd,fitness_and_medical,9600.65,Diya,Rajagopal,F,"H.No. 629, Karnik Marg, Sri Ganganagar 360492",Kottayam,Maharashtra,28.2064445,-125.801166,682141.0,Publishing rights manager,12/1/1940,28.221032,-125.790492,1.0,-1.17e+18
692967.0,9/30/2023 8:58,4785310000000000.0,fraud_Bobal LLC Pvt Ltd,entertainment,4353.69,Saksham,Kakar,M,"12/090, Savant Nagar, Shahjahanpur-486935",Pudukkottai,Telangana,-22.1575015,159.935868,,"Engineer, agricultural",1/3/1954,-22.165139,159.942625,1.0,6.92e+17
457448.0,10/6/2022 21:03,4416960000000.0,"fraud_Tandon, Sahota and Contractor Pvt Ltd",travel,7976.99,Biju,Aggarwal,F,"754, Shetty Ganj, Vijayanagaram-088732",Tadipatri,Himachal Pradesh,2.523452,109.652717,915809.0,"Producer, television/film/video",6/2/1962,2.505145,109.669335,0.0,5.61e+18
570987.0,,36155800000000.0,"fraud_Khare, Amble and Kadakia Pvt Ltd",travel,1011.02,Diya,Lalla,F,,Navi Mumbai,Uttar Pradesh,26.6294345,-52.541794,412330.0,IT technical support officer,8/3/1989,26.638962,-52.548807,1.0,-8.57e+18
362769.0,3/6/2024 4:16,6011740000000000.0,"fraud_Sarma, Handa and Bhat Pvt Ltd",entertainment,704.36,Hansh,Sidhu,M,"H.No. 913, Lata Zila, Ratlam-150283",Bhagalpur,Kerala,47.230357,165.155904,786011.0,Immigration officer,1/26/1957,47.223695,,0.0,-4.8e+18
789996.0,,60455415095.0,fraud_Bala-Venkataraman Pvt Ltd,,1026.59,Kanav,,F,"97, Kalla Path, Bhalswa Jahangir Pur 583698",,Odisha,-28.051467,-160.618397,628829.0,Medical laboratory scientific officer,8/7/1976,,-160.637177,0.0,-7.07e+17
362324.0,1/16/2024 2:37,30586000000000.0,"fraud_Sidhu, Ramaswamy and Kapadia Pvt Ltd",fitness_and_medical,9189.97,Aniruddh,Sinha,F,"82/87, Batta, Kamarhati-712883",Aurangabad,Bihar,-34.018231,9.702376,536042.0,,5/21/1971,-34.006219,9.695861,1.0,7.91e+18
485237.0,5/4/2023 19:16,,fraud_Chada-Bhatti Pvt Ltd,fitness_and_medical,8336.64,Vanya,De,M,"35/61, Halder Circle, Haridwar 467281",Proddatur,Madhya Pradesh,35.069837,172.687557,624139.0,,7/30/1966,35.086848,172.697164,0.0,-4.78e+18
189434.0,10/27/2022 2:29,4.20488e+18,"fraud_Dani, Ratta and Chauhan Pvt Ltd",entertainment,2346.55,Hrishita,Venkatesh,M,"78/268, Sule Road, Sultan Pur Majra 917192",Nagercoil,Haryana,-89.5789235,-149.66704,763355.0,Music tutor,8/6/1992,-89.567634,-149.677753,1.0,1.6e+18
664923.0,6/21/2022 7:55,639066000000.0,"fraud_Raja, Sandal and Raval Pvt Ltd",online_shopping,1460.19,,,M,,Purnia,Himachal Pradesh,-31.4858615,,69730.0,"Optician, dispensing",2/10/1943,-31.474414,-30.769589,,-2.51e+17
774426.0,7/24/2023 15:58,,fraud_Sem Inc Pvt Ltd,entertainment,7651.45,Indrans,Chokshi,M,"28, Sampath Marg, Thanjavur-084017",Chittoor,Nagaland,9.0893185,-25.551626,811566.0,Human resources officer,9/17/1985,9.099093,-25.569413,1.0,8.56e+18
255395.0,11/4/2023 11:31,4260370000000.0,fraud_Mane and Sons Pvt Ltd,entertainment,9083.26,Tejas,Yadav,M,"57, Warrior Road, Tiruppur 979834",Jalgaon,Sikkim,-35.355794,82.809132,793047.0,,9/3/1980,-35.366192,82.828591,1.0,-4.28e+18
606322.0,12/4/2022 6:29,348695000000000.0,"fraud_Bhalla, Seth and Ben Pvt Ltd",fitness_and_medical,9641.51,Damini,Wable,F,"69/73, Suresh Path, Bongaigaon-287971",Ahmedabad,Haryana,42.5218205,-31.994499,543938.0,Speech and language therapist,1/6/1944,42.532185,-31.997458,,4.24e+18
340782.0,4/29/2022 0:06,3583560000000000.0,,entertainment,,Vivaan,Bhandari,F,"38, Madan Road, Karimnagar 671722",Udaipur,Karnataka,13.6087515,158.377934,516918.0,"Administrator, education",10/20/1951,13.597593,158.395362,,-1.48e+16
605635.0,1/17/2023 2:49,4.79821e+18,fraud_Bath-Subramanian Pvt Ltd,online_shopping,,Zain,Khanna,M,"93, Sastry, Haldia 378300",,Uttarakhand,-82.577508,-151.856936,924924.0,Medical sales representative,2/28/1941,-82.571059,-151.869141,0.0,8.33e+18
917496.0,10/25/2022 15:31,6011170000000000.0,fraud_Issac-Ghose Pvt Ltd,fitness_and_medical,3506.4,Neysa,Choudhry,F,"H.No. 94, Varghese Zila, Parbhani 330134",Kota,Kerala,28.27371,168.527313,7142.0,Patent attorney,10/13/1989,28.287116,168.542044,1.0,-5.22e+18
565533.0,10/21/2023 0:35,180039000000000.0,fraud_Sandhu LLC Pvt Ltd,travel,3008.06,Stuvan,Grover,M,"91/241, Sandal Street, Panvel 290372",Nizamabad,Tripura,78.4655545,0.726905,,Probation officer,1/29/1958,78.463225,0.729443,0.0,3.52e+18
417072.0,3/24/2024 11:22,213139000000000.0,fraud_Sheth-Bhagat Pvt Ltd,online_shopping,8910.29,Jhanvi,Apte,F,"06, Soman Ganj, Kavali-838614",Sasaram,Tamil Nadu,-76.9476015,161.790472,803894.0,Games developer,5/30/2003,-76.932276,161.788951,1.0,8.62e+18
662772.0,10/11/2023 0:38,4353320000000000.0,fraud_Mani PLC Pvt Ltd,travel,7500.97,Anahita,Sidhu,F,"51/39, Dixit Chowk, Secunderabad 313704",Burhanpur,Rajasthan,,-46.918214,325752.0,"Doctor, general practice",3/23/1960,57.941246,-46.901096,0.0,-7.69e+18
723656.0,10/5/2022 2:39,30436100000000.0,"fraud_Balasubramanian, Bandi and Mandal Pvt Ltd",travel,,Chirag,Tandon,M,"572, Saha Street, Tadipatri 372782",Solapur,Assam,32.4803325,127.807103,200795.0,Osteopath,6/26/1959,32.464237,127.806887,0.0,8e+18
784999.0,6/30/2022 6:01,6508130000000000.0,fraud_Gour Ltd Pvt Ltd,entertainment,,Yuvaan,Manda,M,"218, Sibal Street, Panvel-322703",Indore,Tamil Nadu,54.5875275,-5.338438,,Medical sales representative,8/6/1973,54.567688,-5.351444,,-6.06e+17
857730.0,,30407800000000.0,fraud_Handa-Ganesh Pvt Ltd,entertainment,,Hunar,Lalla,M,"79, Walla Circle, Kochi 095814",Uluberia,Manipur,12.0542575,-173.857835,465662.0,Veterinary surgeon,9/13/1949,12.068333,-173.877534,0.0,3.25e+18
,6/4/2023 7:24,38409900000000.0,"fraud_Tandon, Sehgal and Bava Pvt Ltd",entertainment,1699.44,Ritvik,Bora,M,"99/20, Issac Chowk, Unnao 319575",Satna,Andhra Pradesh,49.8648385,143.200241,729428.0,Dancer,1/30/2004,49.862732,143.212381,1.0,
976143.0,1/27/2023 11:10,377271000000000.0,fraud_Bhagat PLC Pvt Ltd,,7960.17,Tara,,M,"H.No. 94, Bath Circle, Mango 260177",Tezpur,Odisha,83.2017575,94.663733,906606.0,Insurance underwriter,5/14/1946,83.202408,94.676788,1.0,-2.57e+18
951618.0,11/16/2022 2:58,340560000000000.0,fraud_Raju Ltd Pvt Ltd,online_shopping,4796.18,Jiya,Ratti,M,"H.No. 267, Walia Street, Udupi-700043",Madanapalle,Madhya Pradesh,78.0376835,171.548296,222004.0,"Psychologist, educational",10/8/1963,78.026933,171.556336,0.0,4.44e+18
760957.0,11/28/2023 11:34,4024200000000.0,fraud_Sharaf Ltd Pvt Ltd,entertainment,,Elakshi,Sachdeva,,"H.No. 061, Desai Nagar, Khammam 727125",Bhopal,Meghalaya,35.441113,127.285476,524267.0,,3/21/1984,35.444851,127.293788,1.0,-9.01e+18
632110.0,,4682420000000.0,"fraud_Kunda, Sahota and Dixit Pvt Ltd",travel,9709.32,Aaina,Suresh,M,"64/719, Ben Circle, Jamalpur-710998",Shahjahanpur,Goa,68.6660445,80.994242,813014.0,Production manager,5/3/1945,68.646426,80.978548,,1.49e+18
214610.0,12/3/2022 14:19,2660430000000000.0,"fraud_Salvi, Singh and Devi Pvt Ltd",fitness_and_medical,7355.21,Ritvik,Mandal,M,"15, Joshi Marg, Hapur-134910",Dharmavaram,Punjab,76.3894615,-153.502534,645936.0,Contracting civil engineer,5/29/2005,76.399412,-153.492279,0.0,7.51e+18
851186.0,8/11/2022 3:39,639094000000.0,,entertainment,9809.51,Charvi,Ghose,M,"H.No. 469, Swamy Path, Bareilly-544025",Durg,Chhattisgarh,-55.1792845,115.994465,58424.0,Telecommunications researcher,1/13/2005,-55.190931,116.004745,1.0,7.07e+18
668141.0,2/12/2024 3:03,180036000000000.0,fraud_Yadav Inc Pvt Ltd,fitness_and_medical,2907.28,Raghav,Devi,F,"H.No. 330, Sridhar Nagar, Ghaziabad 540156",Nashik,Himachal Pradesh,-9.4018835,-127.764176,122078.0,Information officer,7/11/1993,-9.393231,-127.758295,0.0,2.74e+17
671451.0,9/6/2023 17:33,378478000000000.0,,online_shopping,7113.62,Devansh,Khurana,F,"28, Handa Path, Amroha 429288",Panihati,Jharkhand,-73.8224435,-30.670454,938593.0,"Engineer, manufacturing",6/27/1957,-73.82949,-30.675179,0.0,5.69e+18
211380.0,6/19/2023 12:28,36525000000000.0,fraud_Reddy-Mani Pvt Ltd,travel,8794.44,Nayantara,Sood,F,"61, Rege Zila, Ghaziabad 536916",Kurnool,,-17.6019105,-26.307207,20453.0,,11/11/1996,-17.602749,-26.305869,1.0,-8.66e+18
998930.0,1/27/2023 0:46,,fraud_Golla-Bajaj Pvt Ltd,online_shopping,4186.86,Divij,Kashyap,M,"H.No. 02, Chaudhary Ganj, Secunderabad-613337",Aurangabad,Tripura,-69.0165545,-24.513052,982105.0,Government social research officer,5/16/1978,-69.02399,,0.0,8.35e+18
,8/3/2022 8:19,4017150000000000.0,"fraud_Chopra, Balasubramanian and Sankaran Pvt Ltd",fitness_and_medical,7990.9,Alisha,Bir,M,"15/182, Subramanian, Ambala-837692",Morena,Jharkhand,,-99.826273,747429.0,Press sub,10/31/2003,86.945873,-99.840846,1.0,-1.86e+18
832404.0,3/4/2023 14:21,38062600000000.0,fraud_Ray-Dixit Pvt Ltd,travel,1073.92,Indranil,Buch,M,"816, Borra Chowk, Kurnool 295427",,Assam,-55.5320585,42.529231,801043.0,Emergency planning/management officer,,-55.527141,42.528923,1.0,6.52e+18
,2/2/2023 5:05,3546220000000000.0,,entertainment,488.77,Vanya,Dalal,M,"H.No. 874, Iyer Circle, Delhi 569656",Thoothukudi,Gujarat,-9.3469045,-39.918945,309899.0,Interior and spatial designer,,-9.360966,-39.915494,0.0,-8.18e+16
964995.0,11/25/2023 11:44,3526830000000000.0,"fraud_Varma, Sura and Halder Pvt Ltd",entertainment,8233.98,Nitya,Uppal,F,"71/876, Chada, Rewa 250900",Gwalior,,30.87089,7.810429,5020.0,"Surveyor, hydrographic",11/4/1969,30.878808,7.802792,0.0,5.03e+18
422854.0,6/9/2022 1:56,3530320000000000.0,"fraud_Reddy, Mann and Bhatia Pvt Ltd",fitness_and_medical,246.54,Azad,Bhat,M,"858, Andra Nagar, Ranchi 302245",South Dumdum,Arunachal Pradesh,,105.575826,299118.0,Fish farm manager,1/9/1980,-33.730244,105.583813,1.0,1.06e+18
936087.0,3/31/2023 7:29,4140000000000.0,"fraud_Wali, Sodhi and Desai Pvt Ltd",travel,2314.45,Dharmajan,Baria,F,"81/03, Sridhar Circle, Kolhapur-071054",South Dumdum,Kerala,-14.3837165,62.369233,703268.0,Accommodation manager,11/3/1967,-14.403626,62.375066,1.0,
515316.0,4/7/2023 21:38,4166310000000.0,"fraud_Chadha, Chad and Chokshi Pvt Ltd",travel,8263.06,Alia,Andra,M,,,Punjab,-83.1650575,,505263.0,IT consultant,5/31/1963,-83.148276,136.345573,0.0,
324326.0,6/30/2023 20:00,4393340000000000.0,fraud_Bhagat and Sons Pvt Ltd,online_shopping,3382.41,Arnav,Ratti,M,"H.No. 35, Dhaliwal Road, Raipur 898103",Gudivada,Bihar,50.815909,131.276637,,Civil Service fast streamer,9/5/1944,50.835789,131.270652,1.0,
605763.0,6/10/2023 12:09,213121000000000.0,"fraud_Bhardwaj, Vaidya and Walia Pvt Ltd",fitness_and_medical,353.55,,Malhotra,M,,Bahraich,Karnataka,,-148.053492,377788.0,Engineering geologist,9/18/1975,-16.607856,-148.038555,0.0,
542337.0,3/19/2024 4:09,675954000000.0,"fraud_Dani, Manda and Tailor Pvt Ltd",entertainment,4387.88,Hrishita,Chand,F,"H.No. 972, Khatri Road, Machilipatnam 286238",Jehanabad,Assam,36.600159,-105.821957,,Osteopath,4/16/1950,36.607554,-105.835459,1.0,-6.62e+18
991241.0,5/28/2023 1:06,30373700000000.0,"fraud_Acharya, Thakkar and Biswas Pvt Ltd",travel,8897.32,Dhanuk,Kaur,F,"36/390, Lall Marg, Parbhani 087619",Kamarhati,Sikkim,-29.3443575,-164.023189,381937.0,"Designer, ceramics/pottery",,-29.325973,-164.016505,0.0,-1.09e+18
509833.0,1/2/2023 6:06,6011210000000000.0,fraud_Lad-Sani Pvt Ltd,travel,2495.89,Indrajit,Randhawa,F,"903, Dhawan Path, Chennai-568378",Proddatur,Haryana,44.731701,57.600634,901760.0,Geophysical data processor,12/5/2000,44.736093,57.585953,0.0,-4.92e+18
355653.0,7/13/2023 23:18,4072270000000.0,"fraud_Khurana, Babu and Venkatesh Pvt Ltd",online_shopping,5701.74,Aarav,Kothari,M,"59/99, Sathe Path, Ambarnath 838762",Howrah,Assam,-35.9226735,-8.634548,949172.0,"Surveyor, mining",2/21/1972,-35.933502,-8.638999,1.0,-5.53e+18
668141.0,2/12/2024 3:03,180036000000000.0,fraud_Yadav Inc Pvt Ltd,fitness_and_medical,2907.28,Raghav,Devi,F,"H.No. 330, Sridhar Nagar, Ghaziabad 540156",Nashik,Himachal Pradesh,-9.4018835,-127.764176,122078.0,Information officer,7/11/1993,-9.393231,-127.758295,0.0,2.74e+17
936747.0,11/18/2022 15:36,4023090000000000.0,fraud_Kale PLC Pvt Ltd,entertainment,4945.28,Ishita,Kari,M,"28, Hayre Marg, Bhubaneswar 620592",Rampur,Jharkhand,-38.902095,-114.271645,788372.0,"Biochemist, clinical",,-38.889849,-114.281905,1.0,3.62e+18
,5/28/2023 18:26,3531340000000000.0,,entertainment,9074.0,Drishya,Bumb,F,"53/26, Chana Ganj, Varanasi 329560",Bharatpur,Chhattisgarh,27.8408555,93.934433,440893.0,,4/27/1996,27.838502,93.950223,0.0,2.19e+18
612969.0,1/12/2024 14:46,4813830000000000.0,fraud_Dave PLC Pvt Ltd,online_shopping,5183.03,Prerak,Dhaliwal,M,"H.No. 201, Mani Road, South Dumdum 684732",Malegaon,Telangana,-59.9405245,78.990873,327185.0,Homeopath,8/5/1963,-59.956481,78.979357,1.0,
642043.0,9/13/2022 11:15,376925000000000.0,"fraud_Khosla, Saini and Sanghvi Pvt Ltd",fitness_and_medical,4581.64,Hazel,Virk,M,"831, Vig Zila, Noida 690613",Dehradun,Rajasthan,74.4170105,144.232141,765511.0,"Therapist, sports",2/27/1981,74.407159,144.236617,0.0,-7.99e+18
173151.0,3/31/2024 11:52,346486000000000.0,,travel,9299.57,Aradhya,Dyal,M,"H.No. 367, Rege Chowk, Howrah 598663",Bikaner,Kerala,-52.5128385,-3.37881,987989.0,Land,11/2/1939,-52.521642,-3.394619,0.0,-1.68e+18
260479.0,6/2/2023 0:15,4537690000000000.0,fraud_Dugal Ltd Pvt Ltd,online_shopping,2748.3,Nirvi,Mani,,"443, Sahni Marg, Moradabad-895380",Ahmedabad,Manipur,72.9182075,-36.424384,427240.0,Plant breeder/geneticist,9/15/1939,72.935822,-36.42694,1.0,7.41e+18
291047.0,9/7/2022 10:45,3507650000000000.0,fraud_Uppal-Dash Pvt Ltd,online_shopping,3768.2,Advik,,F,"H.No. 92, Kurian Nagar, Visakhapatnam 090662",Giridih,Tripura,65.827712,-18.600118,509399.0,Legal executive,8/24/1958,65.814873,-18.599099,1.0,2.16e+18
582288.0,3/9/2023 0:22,38040300000000.0,"fraud_Bakshi, Vasa and Sridhar Pvt Ltd",travel,8775.49,Aarav,Virk,F,"H.No. 30, Buch Chowk, Kavali-052284",,Tamil Nadu,37.0126365,76.583615,,Systems analyst,12/30/1953,37.01976,76.576694,1.0,-5.06e+18
,9/23/2022 19:59,3531940000000000.0,"fraud_Magar, Borra and Roy Pvt Ltd",entertainment,,Ishaan,Dara,F,"H.No. 87, Ghosh Chowk, Madurai 361303",North Dumdum,Odisha,-39.105019,165.545139,911009.0,Public house manager,10/14/1955,-39.106877,165.553132,0.0,1.52e+18
268343.0,7/13/2022 12:47,3553980000000000.0,fraud_Swaminathan-Kunda Pvt Ltd,entertainment,4609.54,Divij,Rege,M,"27/803, Rau, Ramgarh 849590",Srikakulam,Jharkhand,-15.9324475,-31.20072,819668.0,Higher education lecturer,1/5/1953,-15.928037,-31.202977,1.0,1.54e+18
806533.0,6/8/2023 3:44,4.36449e+18,fraud_Dugar-Lal Pvt Ltd,entertainment,1629.05,Yuvraj ,Jhaveri,F,"H.No. 962, Srinivas Road, Mira-Bhayandar 792905",Nagercoil,Gujarat,-6.816824,169.093455,759802.0,Banker,6/4/1944,-6.797808,169.109367,1.0,9.69e+17
856877.0,,4174050000000000.0,fraud_Sura-Desai Pvt Ltd,travel,8438.54,,Kapadia,F,"17/23, Wadhwa Marg, Bhilai 333430",Faridabad,,80.665397,-82.147171,613086.0,Futures trader,11/2/1999,80.679973,-82.161179,0.0,-2.01e+18
560103.0,5/7/2022 11:24,4965790000000.0,"fraud_Solanki, Swaminathan and Sarraf Pvt Ltd",fitness_and_medical,2714.89,Sana,Dube,M,"96, Mahajan Chowk, Adoni 199017",Bokaro,Sikkim,51.7422085,-18.060086,334278.0,Adult guidance worker,2/17/1957,51.726438,-18.05395,0.0,3.24e+18
981042.0,12/13/2022 10:21,3551700000000000.0,fraud_Golla-Kar Pvt Ltd,online_shopping,5640.71,Aarav,,F,"24/937, Ramachandran Circle, Tadipatri-113765",Muzaffarpur,Himachal Pradesh,14.3575595,-167.362637,310588.0,Software engineer,5/19/1953,14.3448,-167.372557,0.0,6.09e+18
404437.0,3/25/2023 10:22,30300900000000.0,"fraud_Ganesh, Goel and Saha Pvt Ltd",entertainment,5206.82,Damini,Kara,M,"H.No. 132, Kalla Road, Dharmavaram-841208",Jhansi,Mizoram,57.5643885,130.737992,639135.0,"Optician, dispensing",7/19/1969,57.571519,130.741626,1.0,-8.57e+18
222135.0,4/10/2024 4:21,372072000000000.0,fraud_Mand and Sons Pvt Ltd,fitness_and_medical,4053.92,Mishti,Saini,F,"33, Hans Ganj, Rohtak 296340",Sirsa,,-11.070982,97.291992,635257.0,Media buyer,8/18/1976,-11.055676,97.305674,0.0,-6.36e+17
780304.0,7/3/2023 12:35,4184000000000.0,fraud_Lalla PLC Pvt Ltd,online_shopping,8557.07,Shanaya,Aggarwal,,"52/935, Dayal Chowk, Sasaram-050994",Nagpur,Telangana,-78.477592,,730051.0,"Psychologist, occupational",11/15/1967,,167.230964,1.0,3.11e+17
598632.0,4/21/2023 23:51,4550870000000000.0,fraud_Choudhury-Jhaveri Pvt Ltd,travel,7097.84,Aniruddh,Dewan,M,"H.No. 17, Chopra, Baranagar 845791",Mau,Mizoram,80.3574975,-178.495033,801755.0,Restaurant manager,11/20/1971,80.338975,-178.511188,0.0,-4.64e+18
642043.0,9/13/2022 11:15,376925000000000.0,"fraud_Khosla, Saini and Sanghvi Pvt Ltd",fitness_and_medical,4581.64,Hazel,Virk,M,"831, Vig Zila, Noida 690613",Dehradun,Rajasthan,74.4170105,144.232141,765511.0,"Therapist, sports",2/27/1981,74.407159,144.236617,0.0,-7.99e+18
419448.0,7/9/2022 10:22,3565340000000000.0,fraud_Wagle Group Pvt Ltd,entertainment,3733.34,Tarini,,F,"00/319, Borde Path, Jehanabad 054076",Srikakulam,Tamil Nadu,-18.1778195,-141.917256,158242.0,Environmental health practitioner,1/22/1959,-18.165183,-141.923319,1.0,-7.89e+18
763601.0,6/17/2023 2:32,4033840000000000.0,"fraud_Borah, Kurian and Sharma Pvt Ltd",fitness_and_medical,8599.14,Yashvi,Rege,F,,,Nagaland,-43.4154015,97.522658,562020.0,Physiotherapist,10/7/1989,-43.433614,97.509501,1.0,-5.93e+18
695565.0,3/26/2024 5:45,566315000000.0,fraud_Chaudhuri Inc Pvt Ltd,,4297.4,Raunak,Som,F,"H.No. 419, Vohra Ganj, Shimoga-685038",Kharagpur,Punjab,88.753757,179.16734,339836.0,Insurance claims handler,12/16/1967,88.764887,179.179783,0.0,-6.93e+18
657519.0,1/10/2024 11:32,2242340000000000.0,fraud_Dhar-Sawhney Pvt Ltd,fitness_and_medical,5905.68,Devansh,Venkataraman,M,"H.No. 90, Andra Road, Serampore-547416",Ghaziabad,Punjab,3.4084535,87.949456,,"Producer, television/film/video",1/24/1941,3.393834,87.958761,1.0,-8.55e+18
139430.0,7/25/2023 12:56,,"fraud_Tata, Magar and Rattan Pvt Ltd",fitness_and_medical,5690.31,Prerak,Master,M,"H.No. 052, Rajagopal Street, Medininagar-022481",Secunderabad,Bihar,-49.4493885,164.998302,69631.0,Accommodation manager,9/8/1960,-49.45889,164.997489,0.0,-2.22e+18
324326.0,6/30/2023 20:00,4393340000000000.0,fraud_Bhagat and Sons Pvt Ltd,online_shopping,3382.41,Arnav,Ratti,M,"H.No. 35, Dhaliwal Road, Raipur 898103",Gudivada,Bihar,50.815909,131.276637,,Civil Service fast streamer,9/5/1944,50.835789,131.270652,1.0,
717469.0,6/3/2023 10:11,371549000000000.0,"fraud_Rastogi, Kulkarni and Jhaveri Pvt Ltd",fitness_and_medical,2754.94,Shray,Biswas,M,"28/471, Aurora Road, Ujjain-285362",Dibrugarh,Telangana,83.385745,-132.687598,520896.0,Aeronautical engineer,10/30/1984,83.400363,-132.681485,0.0,-8.66e+18
101458.0,9/23/2023 12:25,30031200000000.0,fraud_Bakshi-Amble Pvt Ltd,fitness_and_medical,7701.51,Chirag,Ram,F,"63, Samra Zila, Hosur 276903",Siliguri,Karnataka,-86.7894555,43.922004,13308.0,Occupational therapist,1/28/1960,-86.769848,43.905668,1.0,6.72e+17
949620.0,10/5/2022 19:32,343281000000000.0,"fraud_Dhar, Dave and Goyal Pvt Ltd",online_shopping,2880.04,Misha,Lad,,,Karimnagar,Karnataka,10.3956195,-68.033582,266576.0,Automotive engineer,5/16/1976,10.389587,-68.022959,0.0,-4.85e+18
856877.0,,4174050000000000.0,fraud_Sura-Desai Pvt Ltd,travel,8438.54,,Kapadia,F,"17/23, Wadhwa Marg, Bhilai 333430",Faridabad,,80.665397,-82.147171,613086.0,Futures trader,11/2/1999,80.679973,-82.161179,0.0,-2.01e+18
549430.0,1/15/2024 16:21,3596270000000000.0,fraud_Magar-Amble Pvt Ltd,online_shopping,8463.53,Pari,Karnik,F,"68/94, Chana Path, Vadodara-277116",Kota,Mizoram,33.9828845,-89.27436,320937.0,"Therapist, horticultural",3/9/1969,33.970497,-89.265075,1.0,1.7e+18
632110.0,,4682420000000.0,"fraud_Kunda, Sahota and Dixit Pvt Ltd",travel,9709.32,Aaina,Suresh,M,"64/719, Ben Circle, Jamalpur-710998",Shahjahanpur,Goa,68.6660445,80.994242,813014.0,Production manager,5/3/1945,68.646426,80.978548,,1.49e+18
314303.0,11/27/2023 14:53,348516000000000.0,"fraud_Kari, Borde and Lanka Pvt Ltd",online_shopping,1174.31,Ivan,Boase,F,"H.No. 031, Jha Zila, Jehanabad 331284",,Maharashtra,,146.978552,347273.0,Ophthalmologist,4/25/1964,-84.643852,146.979501,1.0,-2.91e+18
673864.0,3/24/2024 15:19,4639270000000000.0,fraud_Bhat Inc Pvt Ltd,travel,2365.62,Tarini,Basak,F,"82/20, Sahota Path, Dibrugarh-148401",Suryapet,Odisha,51.581718,-137.919297,729924.0,"Social research officer, government",5/2/1953,51.57376,-137.936879,0.0,-1.2e+18
993774.0,6/27/2022 20:07,376978000000000.0,fraud_Gara-Keer Pvt Ltd,travel,7154.12,Inaaya ,Chaudhuri,M,"H.No. 575, Kade Circle, Anantapur 996966",Vasai-Virar,Mizoram,-39.9072155,49.798404,18838.0,Education administrator,6/9/1949,-39.889851,49.781624,0.0,4.82e+18
838448.0,10/16/2023 17:35,4.65206e+18,fraud_Kulkarni-Sahni Pvt Ltd,entertainment,1958.33,Seher,,F,"305, Loyal Ganj, Kalyan-Dombivli 079455",Bokaro,Gujarat,-88.37236,-139.744857,638733.0,Furniture designer,1/11/1997,-88.366546,-139.743685,0.0,-4.52e+18
855234.0,11/12/2022 9:15,30546600000000.0,"fraud_Bhandari, Sood and Konda Pvt Ltd",entertainment,5840.08,Piya,,F,"037, Sura Nagar, Dharmavaram-387945",Ramgarh,Mizoram,-35.219253,65.293817,401685.0,"Conservator, museum/gallery",4/3/1983,,65.275927,,-6.59e+18
912296.0,4/19/2022 18:34,3535520000000000.0,fraud_Trivedi-Mallick Pvt Ltd,entertainment,5537.38,Ishaan,Vyas,M,"182, Kalla, Dewas-514547",Bhopal,Punjab,-45.62112,,53078.0,Osteopath,8/5/1974,-45.603008,-51.912318,1.0,-8.33e+18
754042.0,3/20/2024 9:50,36031800000000.0,fraud_Bir LLC Pvt Ltd,entertainment,8125.61,Vritika,Korpal,F,"H.No. 523, Arya Zila, Thanjavur 007237",Bahraich,Uttar Pradesh,,,269145.0,"Physicist, medical",7/15/1974,16.725591,,,-4.51e+18
,6/21/2023 9:06,3532280000000000.0,fraud_Samra Ltd Pvt Ltd,entertainment,3361.29,,Bhatti,F,"30, Khalsa Chowk, Nanded 679034",Mangalore,Madhya Pradesh,67.3751565,157.835163,613180.0,Risk analyst,1/21/2005,67.371686,157.835263,0.0,-3.67e+18
844444.0,6/23/2022 7:11,6011870000000000.0,fraud_Upadhyay Group Pvt Ltd,travel,,Gatik,Zacharia,F,"H.No. 102, Tiwari Street, Guntakal-778489",Pallavaram,Madhya Pradesh,-79.3362995,18.581615,300846.0,"Sound technician, broadcasting/film/video",5/29/1958,-79.341619,18.5649,1.0,-8.58e+18
533648.0,,,fraud_Sastry and Sons Pvt Ltd,entertainment,4624.15,Rohan,Batra,M,"24, Ratti Zila, Hospet-384229",Aurangabad,Punjab,80.5812845,14.61034,63081.0,Event organiser,12/2/1974,80.595197,14.591647,0.0,
812161.0,6/23/2022 19:07,4618260000000000.0,fraud_Shukla Group Pvt Ltd,online_shopping,8948.44,Alia,Sura,F,"47/56, Sawhney Zila, Bellary-821401",Phagwara,Tripura,-73.8285675,-122.683633,10608.0,Hospital pharmacist,12/31/1943,-73.830204,-122.689219,0.0,-8.6e+18
993774.0,6/27/2022 20:07,376978000000000.0,fraud_Gara-Keer Pvt Ltd,travel,7154.12,Inaaya ,Chaudhuri,M,"H.No. 575, Kade Circle, Anantapur 996966",Vasai-Virar,Mizoram,-39.9072155,49.798404,18838.0,Education administrator,6/9/1949,-39.889851,49.781624,0.0,4.82e+18
874857.0,9/16/2022 12:30,4.73199e+18,fraud_Soman and Sons Pvt Ltd,online_shopping,5972.66,Seher,Mander,M,"85/90, Vig Zila, Raurkela Industrial Township 934914",Dhanbad,Meghalaya,15.318495,-56.552878,324311.0,Interior and spatial designer,3/19/1991,15.304291,-56.562145,1.0,-7.93e+18
,3/14/2023 5:03,30323400000000.0,fraud_Chad-Dugal Pvt Ltd,entertainment,3562.07,Misha,Kurian,,"41/346, Ramachandran Path, Durgapur-254516",Khora ,Nagaland,65.32147,51.951629,321890.0,Conference centre manager,11/15/1953,65.328608,51.969867,1.0,-8.29e+18
245122.0,5/29/2022 9:09,,fraud_Mandal-Saraf Pvt Ltd,online_shopping,3403.34,,Kadakia,M,"338, Bahl, Ghaziabad 556461",Tadepalligudem,Karnataka,-49.461527,-27.172305,253998.0,English as a foreign language teacher,2/24/1998,-49.447309,-27.190516,0.0,-8.66e+18
469009.0,7/17/2023 15:37,676137000000.0,fraud_Sarraf-Bhardwaj Pvt Ltd,online_shopping,,Pihu,D’Alia,M,"H.No. 708, Biswas Circle, Singrauli-794413",Srikakulam,Manipur,-52.4893615,64.067586,329702.0,Water engineer,4/1/1955,,64.069171,1.0,-8.44e+18
,,4860430000000000.0,fraud_Shenoy-Gaba Pvt Ltd,entertainment,5245.28,Madhav,Devi,F,"H.No. 277, Sant Path, Arrah-576371",Aizawl,Punjab,-38.125688,,857128.0,Radiation protection practitioner,5/9/1974,-38.110065,,0.0,-1.45e+18
198850.0,8/15/2022 7:54,3522290000000000.0,fraud_Batta-Dani Pvt Ltd,online_shopping,1052.61,Myra,Rama,F,"H.No. 381, Lata Circle, Adoni-658061",Kishanganj,,63.3450875,78.069162,903692.0,"Administrator, arts",9/8/1958,63.35927,78.086142,1.0,-1.68e+18
135057.0,7/20/2023 18:15,,fraud_Saini-Shere Pvt Ltd,travel,9771.5,Pihu,Kumar,M,"H.No. 490, Tella, Kochi 726164",Bhilwara,Punjab,-41.34773,,51180.0,Pathologist,7/8/1980,-41.357736,-65.179299,0.0,3.34e+18
218257.0,9/22/2023 7:34,6584210000000000.0,fraud_Devi Inc Pvt Ltd,travel,2031.93,Zaina,Rajan,,"95/17, Banerjee Street, Ulhasnagar 192704",Madanapalle,Maharashtra,-12.231597,134.976874,404159.0,"Scientist, forensic",2/27/1979,-12.24577,134.989029,1.0,6.44e+18
649101.0,9/14/2022 11:39,213103000000000.0,fraud_Bains and Sons Pvt Ltd,online_shopping,2728.04,Ryan,Rege,M,"98, Bal Zila, Nadiad-512214",,Haryana,5.1725535,,270879.0,Press photographer,5/17/1942,5.167359,-14.548815,0.0,4.35e+18
697525.0,4/27/2022 18:20,180027000000000.0,"fraud_Saini, Rege and Mallick Pvt Ltd",,4686.77,Jiya,Das,M,"90/681, Golla Road, Thane 736408",,Manipur,80.5110705,-14.819836,935691.0,"Civil engineer, consulting",5/28/1985,80.499853,-14.816607,0.0,-1.04e+17
877225.0,9/20/2023 2:30,6567450000000000.0,"fraud_Sarin, Lad and Bains Pvt Ltd",travel,816.64,Neysa,Golla,M,"H.No. 824, Char Zila, Surat 618317",Saharsa,Maharashtra,-51.8555985,-127.296335,,Banker,3/29/1951,-51.849714,-127.281089,0.0,-7.05e+18
881886.0,5/8/2022 14:46,3572360000000000.0,fraud_Hora and Sons Pvt Ltd,online_shopping,1558.33,Aradhya,Sarna,M,"H.No. 05, Suri Nagar, Delhi-962344",Ghaziabad,Uttarakhand,-85.822304,17.230889,564250.0,Sales executive,5/4/1989,,17.229438,0.0,1.11e+18
429986.0,3/15/2024 18:51,374581000000000.0,,,,Jayesh,Sehgal,M,,Deoghar,Kerala,62.0820765,-162.431613,611952.0,Town planner,11/19/1944,62.08655,-162.420447,1.0,5.12e+18
687059.0,,376682000000000.0,fraud_Lala-Rastogi Pvt Ltd,online_shopping,154.59,,Choudhry,F,"H.No. 030, Kala Road, Shivpuri 908646",Srinagar,Andhra Pradesh,,-124.721849,80008.0,"Pharmacist, community",2/16/1943,-11.092913,-124.710077,1.0,9.15e+18
,4/21/2023 3:07,,fraud_Ramakrishnan-Banerjee Pvt Ltd,entertainment,6894.34,Saksham,Raj,F,"98, Golla Chowk, Rajahmundry-675745",,Andhra Pradesh,72.1973255,-159.884296,75778.0,Field trials officer,10/7/2003,72.189335,-159.885161,0.0,-6.02e+18
692967.0,9/30/2023 8:58,4785310000000000.0,fraud_Bobal LLC Pvt Ltd,entertainment,4353.69,Saksham,Kakar,M,"12/090, Savant Nagar, Shahjahanpur-486935",Pudukkottai,Telangana,-22.1575015,159.935868,,"Engineer, agricultural",1/3/1954,-22.165139,159.942625,1.0,6.92e+17
736444.0,2/26/2023 15:19,676261000000.0,fraud_Saxena Group Pvt Ltd,fitness_and_medical,4645.88,,,F,"90, Raju Street, Eluru-252775",Medininagar,Punjab,68.881737,48.101592,886214.0,General practice doctor,9/5/2003,68.899665,48.096074,1.0,7.5e+18
405074.0,6/4/2023 22:05,4.33782e+18,fraud_Lad Group Pvt Ltd,fitness_and_medical,1586.0,Nishith,,F,"H.No. 368, Hora Path, Jhansi-810605",Agra,Madhya Pradesh,19.957981,-171.503515,692486.0,Office manager,3/11/1958,19.977733,-171.51929,0.0,9.08e+18
390364.0,,4458190000000000.0,,entertainment,2324.38,Rhea,Wadhwa,F,"44/752, Subramanian Circle, Thane-481036",Kota,Nagaland,63.7383925,-50.903363,,"Radiographer, therapeutic",7/13/2003,63.730533,-50.906902,,4.14e+18
425838.0,9/4/2022 7:08,180047000000000.0,"fraud_Sharma, Lad and Rout Pvt Ltd",fitness_and_medical,5630.33,Umang,Tara,F,"H.No. 81, Kade, Tadepalligudem 436640",Aurangabad,Telangana,70.9855955,60.221809,706545.0,"Accountant, chartered",,70.971722,60.225032,0.0,3.13e+18
367810.0,9/27/2022 18:44,4963960000000000.0,fraud_Mander Inc Pvt Ltd,entertainment,5301.89,Vardaniya,Dey,F,"14/54, Sinha Ganj, Chinsurah-924931",Ratlam,Maharashtra,-86.4077805,81.654776,125986.0,Exhibition designer,1/10/1971,-86.394438,81.644205,1.0,8.58e+18
976902.0,1/9/2024 11:26,4353080000000.0,fraud_Tailor-Rege Pvt Ltd,online_shopping,,Sumer,,F,"89/44, Raju Ganj, Danapur-658585",Karnal,Nagaland,-60.344972,-169.42219,491337.0,Fashion designer,10/26/1992,-60.329608,-169.416117,1.0,
156001.0,,4165610000000000.0,"fraud_Swamy, Bajaj and Seshadri Pvt Ltd",fitness_and_medical,6193.59,Anahi,Kadakia,M,,Bihar Sharif,Rajasthan,-52.019353,-22.626072,785135.0,Environmental manager,10/4/1954,-52.006005,-22.617802,1.0,2.81e+18
287986.0,4/20/2023 19:27,,fraud_Sathe-Doshi Pvt Ltd,travel,6461.05,Aarna,Dada,F,"H.No. 30, Devan Zila, Kochi-825907",Korba,Rajasthan,-62.965361,131.053804,117161.0,Clinical biochemist,7/4/1941,-62.977188,131.038724,1.0,5.79e+18
413126.0,10/13/2023 17:09,4.73629e+18,"fraud_Chokshi, Kapoor and Kota Pvt Ltd",fitness_and_medical,8582.92,Tushar,Varghese,F,"21/255, Aurora Nagar, Rajpur Sonarpur-466484",Gangtok,,12.2288225,125.813807,123975.0,Systems developer,5/9/1984,12.212805,125.821014,1.0,-4.72e+18
579263.0,5/8/2022 3:54,180009000000000.0,fraud_Sahota and Sons Pvt Ltd,fitness_and_medical,5918.61,Samaira,Bala,M,"06, Chahal Street, Dindigul-894223",Ajmer,Uttar Pradesh,-19.530633,158.719222,40080.0,,5/21/1985,-19.545638,158.724351,1.0,-7.36e+18
,6/29/2022 1:59,5448550000000000.0,fraud_Sen Group Pvt Ltd,entertainment,2342.08,,Kara,F,"64/471, Ganesan Chowk, Bhubaneswar-950545",Erode,Karnataka,-29.841881,146.900529,194409.0,Surgeon,4/26/1973,-29.830829,146.893096,0.0,4.73e+18
881039.0,8/20/2022 8:07,4672650000000000.0,"fraud_Ganguly, Varughese and Wali Pvt Ltd",online_shopping,9403.99,Samarth,Kohli,M,,Morena,West Bengal,15.338514,-45.740107,898338.0,Secretary/administrator,,15.34139,-45.74496,0.0,-3.47e+18
556757.0,11/7/2023 6:42,6011620000000000.0,fraud_Khosla-Varma Pvt Ltd,travel,2901.48,Purab,,F,"H.No. 44, Kala Chowk, Panchkula 116194",Chennai,Andhra Pradesh,50.6188805,-116.464405,273984.0,Immigration officer,12/28/1969,50.633074,-116.478123,0.0,
412832.0,,4109060000000.0,fraud_Kaur-Sha Pvt Ltd,online_shopping,4297.02,Zain,Dada,F,"H.No. 28, Sen Zila, Shimla 495927",Dehradun,Manipur,-60.340661,85.496325,,Special effects artist,4/22/1949,-60.349332,85.515214,0.0,-8.62e+18
165012.0,4/25/2023 11:53,6563210000000000.0,fraud_Hans-Kanda Pvt Ltd,entertainment,7568.37,Yuvraj ,Madan,M,"04/41, Bawa Nagar, Khammam 816522",Jalna,Mizoram,76.1969725,102.564244,380244.0,Probation officer,10/18/1963,76.214025,102.567219,0.0,-2.61e+18
644228.0,,4.96961e+18,"fraud_Tripathi, Soman and Raju Pvt Ltd",,4525.17,Miraan,Varkey,F,"58/095, Ramaswamy Zila, Mau-837149",Jalna,,2.3129185,82.270442,754108.0,Restaurant manager,12/26/2005,2.329961,82.252662,1.0,6.26e+18
840204.0,1/13/2023 1:58,213149000000000.0,"fraud_Wagle, Krishnan and Chad Pvt Ltd",travel,8193.78,Indrans,Chaudhari,,"430, Chandra Nagar, Jalgaon 092355",Dhanbad,Arunachal Pradesh,83.5425865,75.037853,,Make,5/31/1984,83.528549,75.037221,0.0,-6.04e+18
419685.0,12/11/2023 15:12,60484555077.0,,entertainment,5008.64,Mahika,Mandal,M,"H.No. 570, Iyer Path, Hajipur 029188",Kharagpur,Tripura,-40.740622,,512345.0,"Engineer, structural",6/5/1985,,-28.384279,0.0,-5.4e+18
354923.0,1/23/2024 5:44,4945110000000000.0,fraud_Upadhyay Ltd Pvt Ltd,fitness_and_medical,6337.15,Neysa,Sandhu,F,"713, Balan Circle, Karawal Nagar-175945",Tiruvottiyur,Rajasthan,72.625195,-121.559339,203052.0,"Teacher, special educational needs",3/11/1976,72.622396,-121.547936,1.0,-3.97e+17
865246.0,6/5/2022 14:20,4723030000000000.0,fraud_Sekhon and Sons Pvt Ltd,entertainment,8695.27,Yashvi,Kaur,F,"H.No. 069, Kapur Zila, Karnal 926012",Mathura,Tripura,-5.0474885,-38.611792,630412.0,Broadcast journalist,11/19/1941,-5.049829,-38.599685,1.0,5.34e+17
393501.0,,,"fraud_Ramaswamy, Setty and Dyal Pvt Ltd",fitness_and_medical,6758.26,Neysa,Banik,M,,Nandyal,West Bengal,-70.71291,138.899853,290562.0,Make,10/29/1953,-70.695228,138.908437,1.0,-1.18e+18
248734.0,1/21/2023 13:40,2292560000000000.0,fraud_Savant Inc Pvt Ltd,travel,2278.05,Misha,,M,"052, Anand Ganj, Mathura 586350",Jammu,Punjab,-8.2267545,-145.73948,273137.0,"Engineer, site",6/9/1959,-8.221935,,0.0,8.3e+18
,8/21/2022 15:16,4.9069e+18,fraud_Kunda Ltd Pvt Ltd,travel,9300.36,Ivana,Tata,M,"28/35, Balakrishnan Chowk, Chennai 286530",Kalyan-Dombivli,Nagaland,-3.193049,37.597472,194281.0,"Engineer, automotive",5/23/1982,-3.200863,37.611399,0.0,-1.56e+18
663761.0,12/26/2023 4:47,,fraud_Luthra-Sabharwal Pvt Ltd,online_shopping,,Hrishita,,F,,Parbhani,Sikkim,45.3959005,-31.560745,853424.0,Public relations officer,4/18/1980,45.413997,-31.549259,1.0,8.41e+18
310952.0,,4670510000000.0,fraud_Ram-Butala Pvt Ltd,fitness_and_medical,2610.4,Eva,Rao,,"57, Badami Ganj, Indore 588847",Salem,Telangana,-43.233406,-126.694379,77735.0,Nutritional therapist,,-43.214803,-126.679935,1.0,-4.54e+18
892539.0,12/2/2023 4:54,348336000000000.0,fraud_Saxena-Bawa Pvt Ltd,online_shopping,6706.29,Miraan,Baria,M,"99/016, Din Zila, Asansol 952219",Nagpur,Uttarakhand,-36.545297,-135.682758,941919.0,"Pharmacist, community",3/22/1941,-36.526873,-135.69287,1.0,8.5e+18
885531.0,10/12/2023 19:38,4143320000000.0,fraud_Baria-Rajagopalan Pvt Ltd,online_shopping,,Badal,Tella,M,"89, Kurian Path, Moradabad 260141",Varanasi,,-46.9805925,14.426254,317264.0,Estate agent,1/18/1983,-46.973877,14.41209,1.0,-5.41e+18
355653.0,7/13/2023 23:18,4072270000000.0,"fraud_Khurana, Babu and Venkatesh Pvt Ltd",online_shopping,5701.74,Aarav,Kothari,M,"59/99, Sathe Path, Ambarnath 838762",Howrah,Assam,-35.9226735,-8.634548,949172.0,"Surveyor, mining",2/21/1972,-35.933502,-8.638999,1.0,-5.53e+18
746434.0,4/26/2022 6:08,6011260000000000.0,fraud_Kade Ltd Pvt Ltd,entertainment,5498.24,Damini,Datta,M,"19, Aurora, Cuttack-200989",Barasat,Himachal Pradesh,15.1826095,-91.29697,409755.0,Geochemist,1/23/1956,15.162898,-91.277677,0.0,-9.01e+18
116701.0,2/27/2023 8:20,675917000000.0,fraud_Randhawa PLC Pvt Ltd,travel,3864.91,Drishya,Dani,F,"140, Toor Chowk, Aurangabad-724866",Bidhannagar,Tripura,-74.806636,-155.6454,677675.0,"Engineer, civil (contracting)",8/6/1976,-74.824621,-155.638275,1.0,4.77e+17
882918.0,,6011200000000000.0,fraud_Talwar-Savant Pvt Ltd,fitness_and_medical,9574.61,Divij,Hans,F,"88, Aggarwal Path, Sambhal 394920",Kakinada,Assam,86.121401,23.765568,6945.0,,7/25/1996,86.117446,23.748331,1.0,-4.4e+18
,5/28/2023 18:26,3531340000000000.0,,entertainment,9074.0,Drishya,Bumb,F,"53/26, Chana Ganj, Varanasi 329560",Bharatpur,Chhattisgarh,27.8408555,93.934433,440893.0,,4/27/1996,27.838502,93.950223,0.0,2.19e+18
755156.0,9/6/2023 11:39,4117220000000000.0,"fraud_Iyengar, Gade and Kapadia Pvt Ltd",entertainment,6220.21,Mohanlal,Hayre,M,"813, Verma Road, Gaya 685984",Kirari Suleman Nagar,Gujarat,-86.105233,-80.871046,956861.0,Camera operator,7/29/2001,,-80.878511,0.0,-4.15e+17
393516.0,6/29/2023 5:44,4613220000000.0,fraud_Ahuja-Chanda Pvt Ltd,entertainment,8250.53,Ivan,Mann,F,"02/178, Swaminathan Nagar, Jabalpur 528277",Unnao,Jharkhand,86.6255825,-43.427319,391762.0,"Designer, furniture",3/7/1953,86.610597,-43.420373,1.0,-3.01e+18
820647.0,10/14/2022 21:38,4693460000000.0,fraud_Sarraf-Singh Pvt Ltd,online_shopping,5985.93,Shayak,Bath,,"H.No. 527, Batta Path, Khammam 958925",Amravati,Meghalaya,-30.4417065,-6.922077,543675.0,"Psychologist, educational",1/3/1951,-30.442958,-6.93509,0.0,1.94e+18
525235.0,5/25/2022 10:28,6011950000000000.0,fraud_Bhasin-Dalal Pvt Ltd,online_shopping,6982.37,Sahil,Dhar,M,"10/026, Ghosh Nagar, Bhavnagar 188266",Chandigarh,Haryana,53.662029,-15.092925,762782.0,Writer,9/24/1942,53.647694,-15.10706,1.0,-7.73e+18
463970.0,10/18/2023 20:03,180098000000000.0,fraud_Bose PLC Pvt Ltd,travel,8423.3,Nirvi,Yohannan,M,"H.No. 550, Shankar Path, Kalyan-Dombivli 075262",,Madhya Pradesh,-41.9667615,83.002823,269405.0,Adult guidance worker,11/13/2005,-41.948069,83.022554,0.0,-8.87e+17
107671.0,,2715610000000000.0,"fraud_Venkatesh, Deshmukh and Lala Pvt Ltd",,5219.4,Umang,Ghosh,,"35/020, Kapur Zila, Kanpur-247376",Kottayam,Telangana,88.6378975,133.690962,321505.0,"Investment banker, operational",3/26/1989,88.6565,133.709355,1.0,-1.52e+18
602273.0,9/23/2022 0:26,6545940000000000.0,fraud_Shere-Garde Pvt Ltd,online_shopping,6522.83,Divyansh,,F,"26, Savant Chowk, Ahmedabad 307858",Bahraich,Haryana,,-131.601776,501109.0,Tree surgeon,10/27/1953,23.251368,-131.61348,0.0,7.36e+18
213171.0,10/19/2022 23:48,4304370000000000.0,,fitness_and_medical,1894.2,Hiran,Sathe,F,"20/090, Kurian Marg, Tiruvottiyur-302047",Nagpur,Uttarakhand,-53.811553,-89.762115,,Film/video editor,,-53.8281,-89.756335,1.0,5.2e+18
323451.0,11/23/2023 11:30,372652000000000.0,"fraud_Tella, Sami and Ganesan Pvt Ltd",fitness_and_medical,3993.25,,Bains,F,"825, Golla Nagar, Tirupati-187478",Morbi,Tripura,70.5363355,-47.150155,385280.0,Diplomatic Services operational officer,6/13/2000,70.532516,-47.157752,1.0,5.95e+18
381404.0,4/3/2024 21:07,6011590000000000.0,fraud_Contractor and Sons Pvt Ltd,online_shopping,,Veer,Behl,M,"082, Master Nagar, Mau 841746",Surendranagar Dudhrej,Arunachal Pradesh,-51.6719575,131.634457,446695.0,"Psychologist, counselling",2/12/1954,-51.659456,131.624268,0.0,7.05e+18
458104.0,7/9/2023 12:42,4776440000000000.0,fraud_Sekhon PLC Pvt Ltd,online_shopping,6032.38,Anya,Seth,M,"H.No. 58, Brar Road, Bareilly 598672",Delhi,Rajasthan,0.6215285,-20.106514,,Interpreter,3/17/1947,0.635415,-20.116259,0.0,-4.68e+18
127119.0,6/4/2022 1:58,,fraud_Dutta-Golla Pvt Ltd,travel,6484.06,Shaan,Issac,M,"833, Konda Circle, Aurangabad-707616",Kolhapur,Tamil Nadu,-84.009312,168.904703,953004.0,Logistics and distribution manager,2/10/1974,-84.005288,168.890727,1.0,-3.04e+18
720925.0,2/27/2024 9:59,4.88009e+18,"fraud_Chada, Bedi and Sampath Pvt Ltd",online_shopping,7973.79,Nehmat,Choudhury,M,"49/952, Kakar Nagar, Vijayanagaram-370035",Cuttack,Bihar,21.3693485,-146.657157,947031.0,Translator,3/11/1950,21.350443,-146.670459,1.0,-2.28e+18
813386.0,12/19/2023 14:22,30531800000000.0,"fraud_Dar, D’Alia and Anne Pvt Ltd",travel,1832.31,Chirag,Mandal,,"125, Gokhale Street, Thiruvananthapuram 576329",Kurnool,Andhra Pradesh,34.8691555,178.654543,147552.0,Energy engineer,10/7/1974,34.866558,178.647336,0.0,-5.83e+18
338497.0,12/13/2022 20:15,4327620000000000.0,fraud_Bhavsar and Sons Pvt Ltd,online_shopping,6359.54,Tejas,Sandhu,M,"74, Arya Ganj, Adoni 990678",Raipur,Uttarakhand,77.1457685,-123.49494,523913.0,Control and instrumentation engineer,,77.126017,-123.49073,1.0,-8.9e+18
404467.0,5/21/2022 1:08,180090000000000.0,"fraud_Chacko, Seth and Tandon Pvt Ltd",online_shopping,6635.92,Vivaan,Hayre,F,"H.No. 592, Dara Zila, Dehri 820080",Ballia,Andhra Pradesh,-87.763404,-69.801481,276712.0,Event organiser,4/11/1991,-87.765946,-69.785909,1.0,-3.32e+18
225440.0,12/17/2023 4:37,347702000000000.0,"fraud_Goel, Keer and Tank Pvt Ltd",entertainment,5501.76,Jhanvi,Manda,M,"83/267, Banerjee Nagar, Haridwar 386938",Machilipatnam,Manipur,4.4299565,-70.81021,881203.0,Brewing technologist,,4.421967,-70.812156,1.0,-7.61e+18
729126.0,11/25/2022 22:01,4986730000000000.0,fraud_Contractor LLC Pvt Ltd,travel,,Shayak,Devan,M,"H.No. 798, Hayre Chowk, North Dumdum-162834",Howrah,West Bengal,69.461688,9.84163,602908.0,Audiological scientist,1/15/1958,69.459268,9.854386,1.0,-4.05e+18
605528.0,4/5/2024 23:13,30584000000000.0,"fraud_Samra, Talwar and Mani Pvt Ltd",fitness_and_medical,8939.44,Jivika,Chaudhuri,F,"77/49, Sule Chowk, Cuttack-019874",Rajkot,Mizoram,-9.102694,-163.153263,414913.0,Sales executive,12/11/1965,-9.115931,-163.151792,0.0,6.63e+18
879226.0,,3538190000000000.0,,online_shopping,3161.4,Ishaan,Banerjee,M,"314, Uppal Circle, Dharmavaram 625965",Udupi,Uttar Pradesh,-4.268799,-71.85388,860158.0,Barrister,3/23/1969,-4.284079,-71.851514,1.0,-8.52e+18
983798.0,11/25/2022 0:58,4736030000000000.0,"fraud_Apte, Jain and Aurora Pvt Ltd",online_shopping,310.13,Hrishita,Manne,M,"96/48, Toor Nagar, Alwar-930092",Gaya,Chhattisgarh,-58.3978105,-164.459701,719654.0,Chartered public finance accountant,,-58.400308,-164.46376,0.0,-1.11e+18
150825.0,4/30/2023 7:08,6571230000000000.0,fraud_Kannan-Karan Pvt Ltd,entertainment,5268.76,,Kara,M,"H.No. 396, Chana, Jhansi-848570",Junagadh,Assam,-80.8017145,-117.181674,822093.0,Theatre stage manager,3/31/1975,-80.809912,-117.185206,1.0,-8.62e+17
197300.0,1/9/2023 6:51,4374630000000000.0,fraud_Loke-Mahal Pvt Ltd,entertainment,8386.26,Rania,Basu,M,"H.No. 06, Trivedi Ganj, Kurnool 573649",Bokaro,Karnataka,-23.4660715,144.626113,515832.0,"Engineer, communications",3/21/1940,-23.469136,144.616262,,-6.29e+18
112379.0,7/5/2023 15:03,6011290000000000.0,fraud_Yohannan PLC Pvt Ltd,online_shopping,6455.46,Renee,Dubey,F,"H.No. 14, Sidhu Circle, Moradabad-483321",Dehradun,,54.632011,81.180376,428786.0,Textile designer,5/9/1998,54.646506,81.169509,0.0,4.91e+18
706180.0,12/27/2022 0:14,4604770000000.0,fraud_Rege LLC Pvt Ltd,,9401.46,Ivan,Konda,F,"99/241, Saxena Marg, Guwahati 274759",Rohtak,Sikkim,-47.1760295,89.537494,114169.0,,12/21/1990,-47.157786,89.554979,0.0,
332685.0,10/20/2022 2:16,4041460000000.0,fraud_Agrawal Group Pvt Ltd,online_shopping,7012.15,Himmat,Basak,F,"H.No. 721, Johal Street, Gaya 138332",Shimla,Jharkhand,54.585347,-101.17161,924581.0,"Research officer, government",7/14/1954,54.595492,-101.162374,1.0,5.59e+18
908161.0,8/28/2023 23:59,4.39143e+18,"fraud_Sampath, Varkey and Singh Pvt Ltd",,9647.75,Dishani,Dora,M,"00/395, Borah Road, Kishanganj-489658",,Chhattisgarh,-71.251985,,973586.0,,6/29/1980,-71.251781,-30.568465,1.0,8.23e+18
108659.0,5/27/2022 19:04,2270910000000000.0,fraud_Tata LLC Pvt Ltd,fitness_and_medical,7008.45,Hrishita,Mall,F,"18, Wali Path, Nadiad-176004",Alwar,Kerala,-55.621712,-110.649799,917116.0,Associate Professor,8/2/1949,-55.641452,-110.659602,1.0,3.84e+18
137589.0,1/5/2024 16:13,4721370000000000.0,fraud_De Group Pvt Ltd,fitness_and_medical,7010.6,Samaira,Sahota,M,"H.No. 91, Viswanathan Path, Avadi 584646",Chapra,Andhra Pradesh,-27.9931835,-81.484684,595801.0,Land/geomatics surveyor,10/3/1957,-28.011238,-81.485542,1.0,4.73e+18
364192.0,6/22/2022 19:40,501817000000.0,"fraud_Mangal, Shenoy and Shah Pvt Ltd",online_shopping,5002.86,Tara,Bir,F,"076, Khanna Marg, Udaipur-136717",Alwar,Arunachal Pradesh,-35.001671,,835666.0,Information systems manager,7/14/1960,-34.993291,-175.506362,1.0,8.39e+18
574397.0,4/2/2024 0:16,4226090000000.0,"fraud_Butala, Dar and Bahl Pvt Ltd",entertainment,4657.86,Saksham,Srivastava,M,"69/13, Yohannan Ganj, Bongaigaon-055122",Loni,Maharashtra,-83.3465975,91.698603,182360.0,"Research officer, trade union",12/25/1978,-83.345903,91.689912,0.0,-4.56e+18
299251.0,7/19/2022 15:39,30030500000000.0,"fraud_Bhatnagar, Chandran and Sama Pvt Ltd",online_shopping,3641.75,Nirvaan,Loke,M,"69, Bhalla Path, Srikakulam 120095",Sultan Pur Majra,Nagaland,-71.8860365,-33.283716,37944.0,Solicitor,7/18/1975,-71.90373,-33.271067,1.0,8.49e+17
958335.0,7/5/2022 21:39,30314800000000.0,,travel,8558.73,Bhamini,Behl,,"H.No. 849, Arora Nagar, Alappuzha 159049",Jabalpur,Goa,-27.8600795,-134.998382,198796.0,"Civil engineer, contracting",7/4/1955,-27.844082,-134.980221,0.0,-4.77e+18
971580.0,1/24/2024 15:22,3578360000000000.0,fraud_Sama and Sons Pvt Ltd,travel,7227.98,Aradhya,Gole,F,"H.No. 917, Raj Path, Rampur-147588",Sambalpur,Telangana,18.378504,31.770217,301590.0,,3/23/1983,18.392944,31.786683,1.0,6.83e+18
303544.0,,213109000000000.0,fraud_Khatri-Chakrabarti Pvt Ltd,online_shopping,,Jayant,Gupta,M,"04/68, Srinivasan Zila, Raebareli-196744",,Telangana,-70.099004,110.302746,,Recruitment consultant,4/23/1987,-70.104208,110.29754,0.0,2.4e+18
531635.0,2/13/2023 23:50,213172000000000.0,fraud_Singhal-Chana Pvt Ltd,entertainment,9547.41,Aayush,Gera,F,"H.No. 99, Chana Zila, Bhubaneswar 200671",Jamalpur,Goa,34.3534255,5.933311,583360.0,Sports development officer,3/8/1975,,5.92808,1.0,2.31e+18
856187.0,11/2/2022 16:28,5368490000000000.0,"fraud_Khosla, Chander and Sekhon Pvt Ltd",entertainment,5998.42,Dharmajan,,F,"H.No. 828, Keer Nagar, Panipat-120586",Ozhukarai,Telangana,28.1601775,-164.59885,906722.0,Geoscientist,12/26/1963,28.15066,-164.588788,,
717469.0,6/3/2023 10:11,371549000000000.0,"fraud_Rastogi, Kulkarni and Jhaveri Pvt Ltd",fitness_and_medical,2754.94,Shray,Biswas,M,"28/471, Aurora Road, Ujjain-285362",Dibrugarh,Telangana,83.385745,-132.687598,520896.0,Aeronautical engineer,10/30/1984,83.400363,-132.681485,0.0,-8.66e+18
545366.0,6/24/2022 23:24,3525870000000000.0,fraud_Deshpande and Sons Pvt Ltd,,,Krish,Rout,M,"193, Bains Circle, Raebareli-017573",Bidar,Tripura,,96.491893,518930.0,"Surveyor, rural practice",12/20/2002,-67.417434,96.506031,0.0,-1.11e+18
469009.0,7/17/2023 15:37,676137000000.0,fraud_Sarraf-Bhardwaj Pvt Ltd,online_shopping,,Pihu,D’Alia,M,"H.No. 708, Biswas Circle, Singrauli-794413",Srikakulam,Manipur,-52.4893615,64.067586,329702.0,Water engineer,4/1/1955,,64.069171,1.0,-8.44e+18
198229.0,8/9/2022 3:25,4460210000000000.0,fraud_Karpe-Hans Pvt Ltd,entertainment,9980.26,Neysa,Sampath,F,"979, Hegde Road, Nangloi Jat 269350",Gandhinagar,Nagaland,83.7482,-34.44261,860527.0,"Surveyor, building control",1/23/1954,83.748109,-34.456734,0.0,4.13e+18
967088.0,5/29/2022 0:05,372904000000000.0,fraud_Kota and Sons Pvt Ltd,online_shopping,,Himmat,,,"49/85, De Ganj, Ambala-664208",Erode,Kerala,10.7406925,31.003317,571784.0,Haematologist,,10.75259,30.985071,0.0,-3.52e+18
671845.0,9/17/2023 15:42,4.89569e+18,,online_shopping,2000.4,Manikya,Sarin,F,"H.No. 438, Varty Ganj, Begusarai-197576",Nagpur,Kerala,7.312827,-171.304687,624089.0,,5/2/1975,7.316318,-171.315548,1.0,7.3e+18
107671.0,,2715610000000000.0,"fraud_Venkatesh, Deshmukh and Lala Pvt Ltd",,5219.4,Umang,Ghosh,,"35/020, Kapur Zila, Kanpur-247376",Kottayam,Telangana,88.6378975,133.690962,321505.0,"Investment banker, operational",3/26/1989,88.6565,133.709355,1.0,-1.52e+18
205407.0,10/12/2022 9:29,30091000000000.0,fraud_Bhatti-Sant Pvt Ltd,online_shopping,200.18,Divij,Shetty,F,"H.No. 66, Devi, Katihar 627806",Nashik,Arunachal Pradesh,-23.783437,109.474687,678131.0,"Engineer, structural",,-23.769719,109.494444,,5.23e+18
770443.0,3/3/2024 0:15,349601000000000.0,fraud_Madan and Sons Pvt Ltd,travel,526.89,Mannat,Shan,M,"29/334, Maharaj Road, Firozabad 180422",Noida,Odisha,-30.237738,37.740924,927747.0,Forensic psychologist,7/15/1983,-30.220527,37.72217,0.0,1.07e+18
855234.0,11/12/2022 9:15,30546600000000.0,"fraud_Bhandari, Sood and Konda Pvt Ltd",entertainment,5840.08,Piya,,F,"037, Sura Nagar, Dharmavaram-387945",Ramgarh,Mizoram,-35.219253,65.293817,401685.0,"Conservator, museum/gallery",4/3/1983,,65.275927,,-6.59e+18
281485.0,3/10/2023 1:37,213159000000000.0,fraud_Doctor Ltd Pvt Ltd,fitness_and_medical,4711.26,Farhan,Seth,F,"705, Basak Path, Dharmavaram 167041",Berhampur,Maharashtra,19.672504,-148.556537,627041.0,Brewing technologist,3/13/1941,19.68338,-148.553051,0.0,-4.61e+18
356979.0,1/30/2023 4:26,30100000000000.0,fraud_Kata Inc Pvt Ltd,online_shopping,6009.57,Krish,Hegde,F,"H.No. 70, Vala Road, Unnao-195517",Narasaraopet,Haryana,-75.3686495,59.130898,957273.0,Commercial/residential surveyor,6/9/1946,-75.353692,59.14082,0.0,1.47e+18
744179.0,9/29/2022 3:52,6528690000000000.0,"fraud_Borah, Bhalla and Dave Pvt Ltd",online_shopping,1333.99,Tiya,,M,,Madanapalle,Meghalaya,47.4441235,69.436377,,Archivist,6/4/2004,47.427576,69.443737,0.0,8.87e+17
644148.0,10/24/2022 8:26,4.85141e+18,"fraud_Hegde, Bhalla and Jain Pvt Ltd",online_shopping,3615.29,Umang,Reddy,M,"H.No. 789, Ramanathan, Warangal-152532",,Mizoram,2.84803,-90.97475,830528.0,"Scientist, audiological",11/19/1950,2.834526,-90.959278,0.0,9.07e+18
648394.0,8/3/2022 22:21,3500580000000000.0,fraud_Rajagopalan Group Pvt Ltd,travel,4367.85,Pihu,Agarwal,M,"028, Doshi Chowk, Mangalore 604950",Morena,,77.8531245,,845377.0,"Merchandiser, retail",6/16/1959,77.864014,,0.0,
524949.0,1/10/2024 8:55,3594610000000000.0,fraud_Thaker Group Pvt Ltd,online_shopping,5603.68,Nitya,,M,"H.No. 58, Raman Zila, Kozhikode 531029",Vellore,Arunachal Pradesh,-75.312453,-100.787248,267126.0,Housing manager/officer,,-75.313761,-100.805346,,-1.98e+18
393473.0,7/24/2022 4:56,180046000000000.0,fraud_Sharma and Sons Pvt Ltd,online_shopping,7892.15,Kavya,,M,"H.No. 343, Bhandari Chowk, Aizawl 348756",Proddatur,Nagaland,40.1595675,39.713225,,Sales promotion account executive,,40.160285,39.695639,1.0,-6.18e+18
224093.0,2/3/2024 8:04,3526010000000000.0,"fraud_Venkatesh, Char and Chokshi Pvt Ltd",fitness_and_medical,2275.29,Lakshay,Biswas,F,"33/89, Kumar Marg, Bhavnagar-683833",Sasaram,Sikkim,,89.285252,,"Research officer, political party",7/1/1943,71.055177,89.291588,0.0,-3.03e+18
167447.0,4/24/2022 3:47,,,travel,6434.21,Devansh,Cherian,F,"97/620, Gokhale Path, Imphal-925076",Bhimavaram,Goa,-54.226763,-114.242605,340004.0,Farm manager,3/5/1988,-54.244702,-114.248365,1.0,6.41e+18
779624.0,7/9/2023 3:08,30466700000000.0,fraud_Saraf Group Pvt Ltd,entertainment,4382.98,Taran,Zachariah,M,"H.No. 76, Subramaniam Zila, Uluberia-033896",Bathinda,Tamil Nadu,-88.0533265,-71.152121,426427.0,Video editor,5/26/1998,,-71.142693,0.0,1.12e+18
378056.0,11/8/2023 8:52,4730920000000.0,"fraud_Bail, Sawhney and Sachar Pvt Ltd",fitness_and_medical,3180.38,,Mannan,M,"44/475, Mand, Nangloi Jat 663428",Cuttack,Arunachal Pradesh,-4.491414,50.800938,496746.0,,11/5/1951,-4.482409,50.785306,1.0,6.78e+18
101463.0,3/15/2023 14:12,6594110000000000.0,fraud_Contractor Group Pvt Ltd,online_shopping,7660.02,Arhaan,Bhat,F,"08/45, Kari, Proddatur-890456",Nanded,Tripura,3.0717465,124.089876,73765.0,Magazine features editor,12/26/1980,3.059865,,1.0,-4.99e+18
611699.0,5/9/2023 16:32,213103000000000.0,fraud_Dasgupta Group Pvt Ltd,fitness_and_medical,8564.68,Gatik,Bali,F,"301, Rattan Zila, Nizamabad 054093",,Tripura,71.6300855,-90.476784,464186.0,,3/22/1970,71.621767,-90.471167,0.0,-7.27e+17
995724.0,3/11/2024 8:33,676202000000.0,fraud_Bhat Inc Pvt Ltd,travel,8697.54,Kanav,Sami,,"83/334, Som Ganj, Mango 466649",Gopalpur,Tamil Nadu,75.330729,152.470928,23944.0,Agricultural engineer,4/19/1956,75.317233,,1.0,6.05e+18
419448.0,7/9/2022 10:22,3565340000000000.0,fraud_Wagle Group Pvt Ltd,entertainment,3733.34,Tarini,,F,"00/319, Borde Path, Jehanabad 054076",Srikakulam,Tamil Nadu,-18.1778195,-141.917256,158242.0,Environmental health practitioner,1/22/1959,-18.165183,-141.923319,1.0,-7.89e+18
598001.0,2/17/2023 20:57,3569690000000000.0,fraud_Chahal PLC Pvt Ltd,,5024.72,Charvi,Deep,F,"49, Bhalla Circle, Tadepalligudem-226025",Bongaigaon,Gujarat,,49.253722,368133.0,Recycling officer,3/10/1948,14.137595,49.239615,0.0,6.71e+18
403624.0,4/11/2024 20:55,6581280000000000.0,fraud_Kapadia-Seth Pvt Ltd,online_shopping,3393.41,Miraan,Barad,F,"H.No. 879, Chana Zila, Allahabad 227338",Tirunelveli,Rajasthan,-35.085525,19.022476,437240.0,Retail banker,1/31/2006,-35.070384,19.028325,0.0,-2.09e+18
863286.0,7/27/2023 15:22,180041000000000.0,fraud_Vasa-Dyal Pvt Ltd,entertainment,5843.22,Bhavin,Jhaveri,M,"H.No. 09, Varty Ganj, Bhilai-640835",Agra,Arunachal Pradesh,-37.543123,37.972625,767005.0,Manufacturing systems engineer,5/19/1938,-37.559066,37.954343,1.0,4.58e+18
532875.0,,213184000000000.0,"fraud_Zacharia, Loyal and Kalita Pvt Ltd",online_shopping,2002.05,Alisha,Manda,F,"H.No. 516, Dass Street, Kolkata 811964",Mira-Bhayandar,Arunachal Pradesh,-19.7945555,88.45491,510719.0,"Therapist, music",11/20/1947,-19.776668,88.45103,0.0,-8.69e+18
129343.0,8/6/2023 22:26,4712730000000000.0,fraud_Koshy Ltd Pvt Ltd,travel,8968.73,Anay,,F,"H.No. 326, Grover Nagar, Aurangabad-176618",Firozabad,Tamil Nadu,-19.9011065,40.750952,543979.0,Research scientist (life sciences),5/17/2004,-19.89737,40.768155,1.0,6.19e+18
310952.0,,4670510000000.0,fraud_Ram-Butala Pvt Ltd,fitness_and_medical,2610.4,Eva,Rao,,"57, Badami Ganj, Indore 588847",Salem,Telangana,-43.233406,-126.694379,77735.0,Nutritional therapist,,-43.214803,-126.679935,1.0,-4.54e+18
818817.0,9/16/2023 2:09,5463000000000000.0,fraud_Gola and Sons Pvt Ltd,travel,8958.66,Nitya,Bansal,F,"90/291, Koshy Road, Chandrapur 178304",Ahmedabad,Punjab,50.322612,162.642721,837696.0,,1/2/1951,50.302677,162.661525,0.0,4.03e+18
615063.0,4/25/2022 18:30,4951880000000000.0,fraud_Kumer LLC Pvt Ltd,travel,6340.55,Hrishita,Verma,,"665, Wali Path, Kota-836361",Sultan Pur Majra,Nagaland,36.7039035,-31.645979,411508.0,Metallurgist,10/10/1989,,-31.658643,0.0,5.73e+18
137751.0,4/17/2022 16:15,4031150000000000.0,,entertainment,5497.95,Mahika,Edwin,M,"H.No. 160, Kalita Ganj, Rohtak-377439",Durgapur,Rajasthan,-41.8450655,-33.71324,,Counselling psychologist,2/7/1992,-41.838546,-33.729643,1.0,-2.07e+18
625524.0,6/21/2022 4:54,4117590000000.0,,travel,8697.49,Piya,Dave,F,"H.No. 472, Din Circle, Miryalaguda 438331",,Sikkim,-51.5072825,151.76147,224724.0,"Conservator, furniture",6/28/1952,-51.490713,151.77518,0.0,-3.59e+18
667592.0,9/13/2023 20:13,36215400000000.0,fraud_Ravi-Dutta Pvt Ltd,travel,9141.66,Darshit,Koshy,F,"415, Yohannan Zila, Faridabad-029218",Khammam,Punjab,-71.4499215,148.926399,478527.0,Archivist,1/15/1969,,148.912493,,6.6e+18
689917.0,8/18/2022 0:21,4254620000000000.0,fraud_Arya-Sibal Pvt Ltd,fitness_and_medical,2658.39,Anahi,Kapoor,F,"H.No. 298, Jani Path, Kanpur 924638",Agartala,Uttarakhand,41.21507,92.894143,792285.0,Fast food restaurant manager,12/14/1945,,,0.0,-3.33e+18
863303.0,9/18/2022 23:30,503864000000.0,fraud_Brar-Brahmbhatt Pvt Ltd,travel,2967.16,Anaya,Kamdar,M,"01/28, Chandra Path, Sagar 203284",Bardhaman,Himachal Pradesh,20.201716,-79.78533,845481.0,,2/19/1939,20.215767,-79.790787,0.0,1.06e+18
834210.0,11/28/2022 8:41,6011760000000000.0,"fraud_Sachdeva, Bhatia and Sandhu Pvt Ltd",online_shopping,693.23,Jayant,Sehgal,F,"H.No. 37, Keer Ganj, Ramagundam-194088",,,13.0433755,-34.188634,840443.0,Herbalist,6/17/1971,13.039684,-34.174425,1.0,2.14e+18
356979.0,1/30/2023 4:26,30100000000000.0,fraud_Kata Inc Pvt Ltd,online_shopping,6009.57,Krish,Hegde,F,"H.No. 70, Vala Road, Unnao-195517",Narasaraopet,Haryana,-75.3686495,59.130898,957273.0,Commercial/residential surveyor,6/9/1946,-75.353692,59.14082,0.0,1.47e+18
214411.0,7/25/2022 21:27,3542570000000000.0,"fraud_Khatri, Wadhwa and Gala Pvt Ltd",online_shopping,9472.65,Dhruv,Tripathi,M,"H.No. 174, Ravi Path, Patna 817877",Ahmedabad,Goa,62.07529,111.960232,653184.0,"Engineer, building services",7/27/1997,62.064701,111.955205,1.0,5.27e+18
663761.0,12/26/2023 4:47,,fraud_Luthra-Sabharwal Pvt Ltd,online_shopping,,Hrishita,,F,,Parbhani,Sikkim,45.3959005,-31.560745,853424.0,Public relations officer,4/18/1980,45.413997,-31.549259,1.0,8.41e+18
116701.0,2/27/2023 8:20,675917000000.0,fraud_Randhawa PLC Pvt Ltd,travel,3864.91,Drishya,Dani,F,"140, Toor Chowk, Aurangabad-724866",Bidhannagar,Tripura,-74.806636,-155.6454,677675.0,"Engineer, civil (contracting)",8/6/1976,-74.824621,-155.638275,1.0,4.77e+17
819306.0,10/26/2022 14:34,30149000000000.0,fraud_Ray LLC Pvt Ltd,online_shopping,377.45,Dhanuk,Chana,F,"71/886, Vig Ganj, Guwahati 268152",Ramgarh,West Bengal,-69.2355425,,,"Designer, ceramics/pottery",11/16/1970,-69.249664,,0.0,-2.8e+17
359954.0,6/28/2023 3:31,180029000000000.0,"fraud_Srinivas, Ratti and Lata Pvt Ltd",travel,4101.21,Lavanya,Rama,F,,Jamalpur,West Bengal,-48.3484575,,23846.0,"Engineer, water",2/10/1963,-48.34103,41.24107,,-2.1e+18
663694.0,10/29/2023 15:04,180035000000000.0,"fraud_Cheema, Divan and Khosla Pvt Ltd",online_shopping,1052.72,,,,"413, Mane Road, Mahbubnagar 280197",Gudivada,Uttarakhand,85.877617,-109.634495,852953.0,"Psychologist, educational",,85.884236,-109.622011,1.0,1.54e+18
757724.0,4/7/2023 12:56,4582010000000.0,fraud_Kibe and Sons Pvt Ltd,entertainment,9553.78,Stuvan,Arya,F,"234, Deo Path, Pudukkottai 728013",Panvel,Chhattisgarh,51.2734745,14.504445,933329.0,Educational psychologist,8/10/1954,51.285907,14.52412,0.0,-6.1e+18
695915.0,4/2/2024 22:25,3576550000000000.0,fraud_Dhillon-Bakshi Pvt Ltd,travel,2824.77,Miraan,Dayal,F,"H.No. 649, Loke Road, Loni 215502",Raiganj,Nagaland,-33.015286,-125.215939,277503.0,"Geologist, wellsite",1/8/1940,-33.000638,,1.0,-1.03e+18
323451.0,11/23/2023 11:30,372652000000000.0,"fraud_Tella, Sami and Ganesan Pvt Ltd",fitness_and_medical,3993.25,,Bains,F,"825, Golla Nagar, Tirupati-187478",Morbi,Tripura,70.5363355,-47.150155,385280.0,Diplomatic Services operational officer,6/13/2000,70.532516,-47.157752,1.0,5.95e+18
768043.0,4/13/2023 10:43,564002000000.0,"fraud_Aurora, Dhar and Raja Pvt Ltd",fitness_and_medical,8196.61,Siya,Dixit,F,"77, Gola Circle, Meerut 183014",Kulti,Maharashtra,44.0757155,-126.682131,119703.0,Chief Technology Officer,7/8/1981,44.072491,-126.693801,1.0,-4.33e+18
465644.0,6/7/2023 3:44,379447000000000.0,"fraud_Suresh, Bala and Iyer Pvt Ltd",online_shopping,2027.49,Tejas,Som,F,"07/144, Batta Nagar, Bangalore-161372",Vijayanagaram,Telangana,25.603413,-177.940125,438489.0,Interpreter,8/16/1971,25.598529,-177.930618,1.0,-1.03e+18
,3/23/2023 17:26,60429005576.0,fraud_Mander-Bahri Pvt Ltd,entertainment,6459.9,Azad,Walia,M,"79, Rattan Chowk, Miryalaguda 036057",Gopalpur,Uttarakhand,45.17825,47.068601,257296.0,Art gallery manager,2/17/1971,45.164603,47.066108,0.0,-8.85e+18
162622.0,12/16/2023 12:48,30446700000000.0,fraud_Doshi Ltd Pvt Ltd,travel,399.96,Rasha,Bajaj,F,"H.No. 49, Chahal Road, Panihati-953424",Durgapur,Haryana,81.8754755,51.675818,553960.0,,6/1/1967,,,0.0,-5.43e+18
265623.0,6/15/2022 10:05,4836290000000000.0,fraud_Lata-Sule Pvt Ltd,travel,6644.09,Farhan,Basu,F,"85, Shan Zila, Phagwara-356850",Dehradun,Andhra Pradesh,88.287995,7.309939,823498.0,Production engineer,7/9/1968,88.294223,7.308595,0.0,-8.79e+18
826697.0,6/22/2022 9:14,4897830000000000.0,fraud_Sangha-Rao Pvt Ltd,online_shopping,4208.88,Shlok,Garde,M,,Allahabad,Sikkim,30.0307655,-84.690156,313591.0,International aid/development worker,3/5/1999,30.046324,-84.692317,0.0,-8.75e+18
687059.0,,376682000000000.0,fraud_Lala-Rastogi Pvt Ltd,online_shopping,154.59,,Choudhry,F,"H.No. 030, Kala Road, Shivpuri 908646",Srinagar,Andhra Pradesh,,-124.721849,80008.0,"Pharmacist, community",2/16/1943,-11.092913,-124.710077,1.0,9.15e+18
232488.0,,3571800000000000.0,fraud_Gala and Sons Pvt Ltd,travel,6416.27,Arhaan,Hayer,M,"27/81, Luthra Marg, Tenali 044589",Bahraich,Uttar Pradesh,43.9288775,-1.107532,302585.0,Armed forces training and education officer,12/28/2004,43.922709,-1.114621,1.0,-7.51e+17
646638.0,3/13/2024 21:25,676387000000.0,"fraud_Bajaj, Sandal and Viswanathan Pvt Ltd",fitness_and_medical,7898.23,Anya,Lalla,F,"H.No. 212, Kade Marg, Malegaon 267672",Pali,Jharkhand,2.709238,-26.035561,290016.0,"Restaurant manager, fast food",8/7/1941,2.721279,-26.036124,0.0,-2.35e+18
549513.0,9/4/2022 12:12,213157000000000.0,"fraud_Chaudhry, Sangha and Hari Pvt Ltd",travel,1741.42,Seher,Shere,M,"83/718, Sem, Nangloi Jat 300208",,,-22.6550925,-67.862159,623236.0,Medical technical officer,3/19/1943,-22.662221,,1.0,
412272.0,5/3/2023 23:45,,,fitness_and_medical,2494.67,Pranay,Bhargava,F,"H.No. 17, Chanda, Karimnagar 962479",Satara,Manipur,54.692979,,106426.0,,6/17/1991,54.673036,-21.093431,1.0,7.58e+18
137981.0,10/19/2023 18:11,3531130000000000.0,fraud_Dave-Srinivasan Pvt Ltd,fitness_and_medical,9534.37,Rasha,Thakkar,M,"73/69, Anne Chowk, Raipur 559482",Chandigarh,Karnataka,83.4922705,83.460096,206921.0,"Doctor, hospital",3/29/1939,83.503307,83.460666,0.0,3.12e+18
780304.0,7/3/2023 12:35,4184000000000.0,fraud_Lalla PLC Pvt Ltd,online_shopping,8557.07,Shanaya,Aggarwal,,"52/935, Dayal Chowk, Sasaram-050994",Nagpur,Telangana,-78.477592,,730051.0,"Psychologist, occupational",11/15/1967,,167.230964,1.0,3.11e+17
542337.0,3/19/2024 4:09,675954000000.0,"fraud_Dani, Manda and Tailor Pvt Ltd",entertainment,4387.88,Hrishita,Chand,F,"H.No. 972, Khatri Road, Machilipatnam 286238",Jehanabad,Assam,36.600159,-105.821957,,Osteopath,4/16/1950,36.607554,-105.835459,1.0,-6.62e+18
183256.0,1/2/2023 11:09,4965510000000.0,,travel,,Anay,Anand,F,"85, Sangha Chowk, Rourkela-020887",Ghaziabad,Chhattisgarh,6.0320665,112.504956,229283.0,"Optician, dispensing",5/25/1944,6.030244,112.509657,0.0,8.95e+18
832002.0,11/17/2022 21:03,4.1674e+18,fraud_Luthra LLC Pvt Ltd,online_shopping,3804.55,Prerak,Shukla,F,"73, Sidhu Street, Ujjain-069343",Tiruchirappalli,,-30.4060175,80.668805,958634.0,,8/6/2004,-30.40044,80.649438,0.0,3.81e+18
632782.0,7/5/2023 2:11,4776020000000000.0,"fraud_Ravel, Kibe and Ben Pvt Ltd",travel,3695.41,,Acharya,M,"93/782, Vala Ganj, Agra-475460",Bellary,Odisha,8.596744,84.510506,784623.0,"Conservator, museum/gallery",11/18/1984,8.586734,84.51298,0.0,-3.64e+18
391018.0,1/16/2024 8:40,378094000000000.0,fraud_Shah-Loyal Pvt Ltd,entertainment,9861.9,Ranbir,,F,"27, Bakshi Chowk, Berhampore 290816",Machilipatnam,,,66.993986,178787.0,Television camera operator,3/29/1981,55.459155,,1.0,-4.04e+18
,3/18/2024 5:49,6555570000000000.0,"fraud_Kale, Wable and Hans Pvt Ltd",entertainment,4343.1,Nishith,Chander,M,"H.No. 12, Luthra Ganj, Singrauli 180000",Raichur,Rajasthan,58.8204605,126.183802,270031.0,Actuary,8/4/1946,,126.203165,1.0,2.67e+18
,7/22/2022 23:05,213184000000000.0,,travel,4060.34,Shaan,Chatterjee,F,"H.No. 350, Balasubramanian, Ambarnath-818708",Uluberia,Punjab,-21.556499,-137.510476,600549.0,Make,7/8/1939,-21.564549,-137.493465,1.0,
601195.0,,639016000000.0,fraud_Kadakia-Thaman Pvt Ltd,travel,,Gatik,Mangat,F,"55, Mandal Ganj, Gandhinagar-814994",Hubli–Dharwad,Jharkhand,68.310311,-160.719777,601060.0,Location manager,12/21/1950,68.309232,-160.703672,0.0,2.53e+18
974966.0,3/5/2023 0:27,3538380000000000.0,fraud_Loyal and Sons Pvt Ltd,online_shopping,874.24,Indrajit,Saha,F,,Aurangabad,Nagaland,-83.149623,-123.06639,291484.0,"Surveyor, quantity",10/18/1999,-83.140506,-123.068723,1.0,-7.11e+18
679039.0,8/27/2023 20:10,6011270000000000.0,"fraud_Sharaf, Ganesh and Jhaveri Pvt Ltd",entertainment,771.81,,Varghese,M,,Madhyamgram,Chhattisgarh,,-176.329126,453787.0,Theme park manager,10/11/1961,-12.922434,-176.336884,0.0,-4.78e+18
720262.0,1/25/2023 19:54,30589200000000.0,"fraud_Choudhry, Bhagat and Chaudhry Pvt Ltd",fitness_and_medical,,Armaan,Loyal,F,"94, Mangal Street, Singrauli 379590",Kolkata,,16.1022455,158.185137,953982.0,"Clinical scientist, histocompatibility and immunogenetics",9/28/1949,16.095104,158.197194,0.0,-4.53e+18
740106.0,7/24/2022 17:47,4613660000000000.0,"fraud_Chatterjee, Gokhale and Kadakia Pvt Ltd",online_shopping,7997.67,Elakshi,Tandon,,"75/39, Banerjee, Pimpri-Chinchwad 616962",Berhampur,Sikkim,85.715779,-72.445737,960376.0,Barista,,85.707287,-72.431215,0.0,-8.71e+18
512865.0,4/12/2023 10:18,3538230000000000.0,"fraud_Mahal, Kaur and Hans Pvt Ltd",travel,6966.72,Hrishita,Dada,F,"86, De Street, Ongole-126571",Serampore,Bihar,25.289746,,655226.0,Surgeon,11/9/1983,25.27646,-161.722801,1.0,-8.03e+18
968984.0,10/25/2023 1:07,4023110000000000.0,"fraud_Walla, Sarna and Toor Pvt Ltd",travel,176.79,Adah,Mani,F,"144, Deep Path, Purnia 711684",Bettiah,Haryana,-23.7904085,,999713.0,Recycling officer,4/17/1960,-23.802586,-53.61417,1.0,7.94e+18
675542.0,11/12/2023 13:12,,"fraud_Trivedi, Bhattacharyya and Bumb Pvt Ltd",online_shopping,3211.9,Ehsaan,Bajwa,M,"H.No. 92, Gokhale Zila, Muzaffarpur 417936",Panvel,Manipur,-73.115601,-53.816189,676094.0,Civil Service fast streamer,6/20/1975,-73.115415,,0.0,-4.1e+18
101458.0,9/23/2023 12:25,30031200000000.0,fraud_Bakshi-Amble Pvt Ltd,fitness_and_medical,7701.51,Chirag,Ram,F,"63, Samra Zila, Hosur 276903",Siliguri,Karnataka,-86.7894555,43.922004,13308.0,Occupational therapist,1/28/1960,-86.769848,43.905668,1.0,6.72e+17
579263.0,5/8/2022 3:54,180009000000000.0,fraud_Sahota and Sons Pvt Ltd,fitness_and_medical,5918.61,Samaira,Bala,M,"06, Chahal Street, Dindigul-894223",Ajmer,Uttar Pradesh,-19.530633,158.719222,40080.0,,5/21/1985,-19.545638,158.724351,1.0,-7.36e+18
693200.0,6/15/2023 17:16,6529650000000000.0,"fraud_Raju, Magar and Gaba Pvt Ltd",travel,7448.37,Siya,Jhaveri,M,,Chittoor,Karnataka,11.716837,67.641053,812457.0,Community arts worker,4/13/1984,11.703021,67.633606,1.0,3.87e+18
150825.0,4/30/2023 7:08,6571230000000000.0,fraud_Kannan-Karan Pvt Ltd,entertainment,5268.76,,Kara,M,"H.No. 396, Chana, Jhansi-848570",Junagadh,Assam,-80.8017145,-117.181674,822093.0,Theatre stage manager,3/31/1975,-80.809912,-117.185206,1.0,-8.62e+17
731203.0,7/18/2022 14:19,2231440000000000.0,"fraud_Srinivas, Arora and Venkataraman Pvt Ltd",travel,6221.5,Lavanya,Ramachandran,M,"10/22, Salvi, Karaikudi 680301",Panihati,Nagaland,29.3052055,-28.014069,397048.0,,3/18/1969,29.318421,-28.00893,1.0,4.89e+18
923472.0,10/6/2023 23:21,344761000000000.0,fraud_Sandhu-Sangha Pvt Ltd,online_shopping,3405.98,Divit,Dua,F,"44/88, Sandhu Nagar, North Dumdum 250739",Srikakulam,Meghalaya,-15.8900025,-125.729589,652990.0,Banker,1/4/1943,-15.902478,-125.744729,1.0,-2.21e+18
735679.0,3/6/2023 9:04,30149800000000.0,fraud_Dara-Guha Pvt Ltd,entertainment,6845.15,Bhamini,Bhakta,M,"20, Rao Ganj, Bokaro-241960",Maheshtala,Goa,,20.381019,359484.0,Stage manager,1/29/1949,15.80614,20.372788,0.0,7.98e+18
217911.0,3/27/2024 11:37,180016000000000.0,fraud_Tripathi and Sons Pvt Ltd,travel,,Mohanlal,Sunder,F,"H.No. 85, Batta Zila, Guntur 879435",Hapur,Telangana,53.655227,-27.974688,28438.0,"Engineer, water",4/9/1984,53.668644,-27.957969,0.0,-9.21e+18
997223.0,8/4/2023 22:55,4820120000000.0,"fraud_Dutta, Amble and Tak Pvt Ltd",online_shopping,1605.8,,,F,"34, Raj Chowk, South Dumdum-629089",Lucknow,Sikkim,87.021328,126.133174,825436.0,,,87.038393,126.115694,1.0,3.1e+18
308568.0,7/29/2023 16:44,213144000000000.0,fraud_Tandon PLC Pvt Ltd,online_shopping,2721.58,Madhup,Vig,M,"H.No. 54, Trivedi Circle, Guntakal-872454",Burhanpur,Punjab,66.155676,-128.911221,581719.0,"Conservator, museum/gallery",11/5/1951,66.163892,-128.893902,1.0,1.15e+18
554939.0,1/13/2024 13:49,,fraud_Banerjee-Dayal Pvt Ltd,online_shopping,7549.96,Nirvi,Brahmbhatt,M,"H.No. 89, Handa, Medininagar 894467",Chandigarh,Kerala,-5.9384115,-45.431687,192118.0,Hydrogeologist,10/13/1993,-5.937673,-45.438097,0.0,-6.63e+18
976902.0,1/9/2024 11:26,4353080000000.0,fraud_Tailor-Rege Pvt Ltd,online_shopping,,Sumer,,F,"89/44, Raju Ganj, Danapur-658585",Karnal,Nagaland,-60.344972,-169.42219,491337.0,Fashion designer,10/26/1992,-60.329608,-169.416117,1.0,
415926.0,2/5/2024 7:53,213141000000000.0,"fraud_Chandran, Cheema and Sagar Pvt Ltd",online_shopping,8319.03,Nirvaan,Ranganathan,F,"74/131, Ratta Road, Berhampore-433560",Karawal Nagar,Himachal Pradesh,49.590209,,608154.0,"Nurse, adult",9/1/1985,49.572426,100.332894,1.0,3.13e+18
459328.0,8/27/2023 2:34,,,,6919.49,Manikya,Kothari,F,"54, Grover Path, Purnia-020332",Ambala,Haryana,,73.16486,566547.0,Speech and language therapist,6/13/1997,-13.657734,73.147514,0.0,1.15e+18
738330.0,6/13/2022 2:13,3506960000000000.0,"fraud_Khurana, Bhat and Saraf Pvt Ltd",online_shopping,4100.08,Charvi,Badami,M,"H.No. 48, Shah Circle, Ambattur-341502",Satna,Assam,54.655752,,592468.0,Product manager,11/12/2000,54.652483,-111.05009,0.0,5e+18
915403.0,7/23/2022 9:56,4.44727e+18,,travel,3828.07,Madhav,Kashyap,F,"06/54, Mall Ganj, Etawah-195932",Malda,Uttarakhand,84.517255,-118.64972,92057.0,Geochemist,1/13/1973,84.528817,-118.665976,1.0,-6.52e+18
255395.0,11/4/2023 11:31,4260370000000.0,fraud_Mane and Sons Pvt Ltd,entertainment,9083.26,Tejas,Yadav,M,"57, Warrior Road, Tiruppur 979834",Jalgaon,Sikkim,-35.355794,82.809132,793047.0,,9/3/1980,-35.366192,82.828591,1.0,-4.28e+18
549430.0,1/15/2024 16:21,3596270000000000.0,fraud_Magar-Amble Pvt Ltd,online_shopping,8463.53,Pari,Karnik,F,"68/94, Chana Path, Vadodara-277116",Kota,Mizoram,33.9828845,-89.27436,320937.0,"Therapist, horticultural",3/9/1969,33.970497,-89.265075,1.0,1.7e+18
403624.0,4/11/2024 20:55,6581280000000000.0,fraud_Kapadia-Seth Pvt Ltd,online_shopping,3393.41,Miraan,Barad,F,"H.No. 879, Chana Zila, Allahabad 227338",Tirunelveli,Rajasthan,-35.085525,19.022476,437240.0,Retail banker,1/31/2006,-35.070384,19.028325,0.0,-2.09e+18
838407.0,8/27/2022 21:28,6575350000000000.0,"fraud_Thakkar, Mangat and Bora Pvt Ltd",online_shopping,225.96,Yashvi,Thaker,F,"H.No. 41, Choudhry Path, Bharatpur 906591",Satna,Arunachal Pradesh,-74.503535,95.413058,224540.0,,7/20/1953,-74.508767,95.4127,1.0,
658386.0,1/19/2023 22:49,4469130000000000.0,"fraud_Raman, Vaidya and Mahal Pvt Ltd",online_shopping,7774.28,Suhana,Srivastava,M,"H.No. 66, Brahmbhatt Chowk, Kottayam-438509",Rajkot,Telangana,-68.467579,-11.098594,19752.0,Forest/woodland manager,,-68.458937,-11.096239,1.0,5.3e+18
598666.0,11/4/2023 3:20,342209000000000.0,fraud_Goel-Lalla Pvt Ltd,fitness_and_medical,9174.63,Mannat,Sandal,M,"900, Amble Chowk, North Dumdum 999984",Solapur,Tripura,21.4874535,21.965756,101958.0,Office manager,9/3/1949,21.493502,21.970287,0.0,
,3/10/2024 18:44,3528070000000000.0,fraud_Upadhyay-Anne Pvt Ltd,online_shopping,,Anika,Sami,F,"H.No. 969, Kaur Street, Thoothukudi-391842",Tenali,Nagaland,0.409935,-0.989054,177141.0,"Buyer, industrial",7/3/1951,0.400653,-0.975362,0.0,-4.64e+18
582155.0,7/13/2022 21:04,676330000000.0,fraud_Randhawa LLC Pvt Ltd,online_shopping,6144.89,Vivaan,Basak,F,"22, Lall Road, Fatehpur 249018",Hindupur,Jharkhand,,72.074634,812764.0,Building surveyor,6/29/1999,,72.089662,0.0,8.77e+18
520613.0,10/5/2023 17:31,4358590000000.0,fraud_Sani-Hegde Pvt Ltd,online_shopping,4566.3,Gatik,Suresh,F,"42, Char Nagar, Bhopal 840795",Guna,,21.4194335,130.572458,183925.0,Town planner,9/3/1995,21.40241,130.583377,0.0,5.45e+18
994565.0,12/22/2022 0:12,3507110000000000.0,"fraud_Bawa, Saini and Viswanathan Pvt Ltd",entertainment,9157.91,Kiara,Sani,M,"H.No. 86, Andra Path, Allahabad 579721",Satara,Kerala,69.861613,-2.25597,421734.0,"Psychotherapist, child",6/14/1993,69.875524,-2.249935,1.0,6.53e+18
412272.0,5/3/2023 23:45,,,fitness_and_medical,2494.67,Pranay,Bhargava,F,"H.No. 17, Chanda, Karimnagar 962479",Satara,Manipur,54.692979,,106426.0,,6/17/1991,54.673036,-21.093431,1.0,7.58e+18
838407.0,8/27/2022 21:28,6575350000000000.0,"fraud_Thakkar, Mangat and Bora Pvt Ltd",online_shopping,225.96,Yashvi,Thaker,F,"H.No. 41, Choudhry Path, Bharatpur 906591",Satna,Arunachal Pradesh,-74.503535,95.413058,224540.0,,7/20/1953,-74.508767,95.4127,1.0,
613699.0,9/14/2022 0:48,344968000000000.0,"fraud_Dhaliwal, Keer and Gandhi Pvt Ltd",online_shopping,,Oorja,Raju,F,"804, Tripathi Path, Proddatur 419925",Chinsurah,Assam,-9.679582,51.889236,896806.0,,,-9.676239,51.897704,0.0,8.86e+18
453900.0,12/29/2022 12:35,376969000000000.0,fraud_Varma-Hayre Pvt Ltd,fitness_and_medical,5386.64,,Talwar,M,"43/283, Agate Chowk, Mahbubnagar-023752",Madanapalle,Odisha,-30.35083,,767684.0,Economist,,-30.349805,-87.890273,1.0,
470387.0,,30186900000000.0,fraud_Lala-Dash Pvt Ltd,fitness_and_medical,6511.84,Alia,Cherian,F,,Hajipur,Tripura,,-127.390149,298931.0,Trade mark attorney,1/18/1954,5.643968,-127.381232,0.0,
954667.0,10/20/2022 7:30,341097000000000.0,,online_shopping,3702.2,,Tank,M,"H.No. 73, Chandra Nagar, Parbhani 108883",,Mizoram,41.3165765,52.765368,675604.0,"Administrator, charities/voluntary organisations",,41.315856,52.777245,0.0,5.04e+18
997544.0,4/29/2023 0:37,501889000000.0,fraud_Joshi-Soni Pvt Ltd,travel,4000.92,Riaan,,M,"H.No. 44, Lad Nagar, Bhubaneswar-225630",Varanasi,West Bengal,-73.614622,-88.761696,439302.0,Microbiologist,6/30/2002,-73.601002,-88.747408,1.0,4.91e+18
871048.0,7/17/2023 16:09,4.69813e+18,"fraud_Comar, Raval and Kibe Pvt Ltd",travel,7724.33,Rania,Mall,M,"607, Mannan Chowk, Deoghar 317403",Khandwa,Madhya Pradesh,-29.648039,-105.056072,265978.0,Gaffer,7/29/1944,-29.633082,-105.050138,1.0,8.78e+18
265623.0,6/15/2022 10:05,4836290000000000.0,fraud_Lata-Sule Pvt Ltd,travel,6644.09,Farhan,Basu,F,"85, Shan Zila, Phagwara-356850",Dehradun,Andhra Pradesh,88.287995,7.309939,823498.0,Production engineer,7/9/1968,88.294223,7.308595,0.0,-8.79e+18
557592.0,6/7/2023 18:41,6011170000000000.0,"fraud_Sankar, Char and Bahl Pvt Ltd",online_shopping,9040.57,Yuvaan,Kapadia,M,"10/61, Srinivas Ganj, Dibrugarh 767840",Bhiwani,Arunachal Pradesh,-21.041895,154.878088,547736.0,"Programme researcher, broadcasting/film/video",2/20/1994,-21.041221,154.860243,0.0,-3.66e+18
148050.0,12/23/2023 3:32,3586530000000000.0,,travel,9361.23,Hridaan,Bhatnagar,F,"733, Krishnamurthy Circle, Panvel 776681",Raipur,Madhya Pradesh,58.851591,99.882104,660282.0,"Development worker, community",7/21/1945,58.855312,99.878872,0.0,-1.79e+18
658386.0,1/19/2023 22:49,4469130000000000.0,"fraud_Raman, Vaidya and Mahal Pvt Ltd",online_shopping,7774.28,Suhana,Srivastava,M,"H.No. 66, Brahmbhatt Chowk, Kottayam-438509",Rajkot,Telangana,-68.467579,-11.098594,19752.0,Forest/woodland manager,,-68.458937,-11.096239,1.0,5.3e+18
768781.0,5/29/2023 23:27,5430620000000000.0,fraud_Ahluwalia-Bhasin Pvt Ltd,travel,3609.57,Ehsaan,Subramanian,F,"12, Rajan Marg, Mau 502940",Visakhapatnam,Odisha,10.850131,33.40789,586115.0,,9/20/1975,10.830398,33.392503,1.0,5.29e+18
907278.0,1/2/2023 5:02,4983320000000000.0,fraud_Srinivas and Sons Pvt Ltd,travel,8293.69,Aarush,Shetty,M,"H.No. 035, Kant Nagar, Mysore 220223",Kochi,Tripura,-46.165941,-29.327561,667578.0,Tourism officer,9/19/1981,-46.155137,-29.342977,0.0,-7.84e+18
,4/25/2023 18:54,3599820000000000.0,fraud_Tata-Randhawa Pvt Ltd,entertainment,1045.72,Bhamini,Bobal,M,"45, Roy Nagar, Kollam-949563",Mirzapur,Tripura,,-132.657222,850503.0,Geographical information systems officer,5/18/1988,17.377085,-132.638588,1.0,-6.14e+18
440525.0,11/6/2023 0:06,213185000000000.0,"fraud_Walia, Dada and Chaudry Pvt Ltd",fitness_and_medical,2600.41,Zara,Badami,M,"H.No. 917, Chawla Marg, Khandwa 585652",Patiala,Madhya Pradesh,,68.633687,831219.0,Armed forces training and education officer,8/2/1983,-13.454746,68.624796,1.0,3.82e+18
196674.0,9/24/2023 4:29,6541050000000000.0,fraud_Hans and Sons Pvt Ltd,online_shopping,7258.02,Lagan,Mane,M,,Rampur,Gujarat,10.557664,-131.061505,222549.0,Furniture designer,2/26/1996,10.544372,-131.060988,1.0,1.14e+18
782247.0,12/18/2023 10:30,4136280000000.0,fraud_Kumar-Khurana Pvt Ltd,entertainment,9513.99,Krish,,M,"55, Suresh Path, Nanded 266376",Katni,Haryana,43.6046265,-3.83238,714329.0,"Engineer, drilling",2/18/1993,43.618941,-3.812569,0.0,-8.13e+18
165586.0,12/30/2022 17:27,4233220000000000.0,"fraud_Gokhale, Rajagopal and Gala Pvt Ltd",travel,7834.5,Hazel,Balay,F,"54, Kumer Nagar, Suryapet 222256",Ramgarh,,-64.5780485,-149.601254,,Architectural technologist,,-64.584987,-149.591118,1.0,-6.32e+18
383119.0,4/24/2022 16:44,2477590000000000.0,fraud_Iyengar LLC Pvt Ltd,fitness_and_medical,5713.61,Elakshi,,M,"46, Dey Zila, Guntur-354847",Kanpur,,-87.4309985,-115.612112,913541.0,Toxicologist,6/13/2003,,-115.613344,,9.28e+17
968309.0,1/21/2023 16:57,577212000000.0,fraud_Raval Inc Pvt Ltd,fitness_and_medical,5976.46,Shamik,Dhawan,F,"31, Sampath Ganj, Berhampur 228615",Chandrapur,,35.9921045,119.491506,906879.0,"Research officer, political party",7/8/1971,36.001323,119.489458,1.0,-5.99e+18
326747.0,3/19/2023 21:22,344831000000000.0,fraud_Goel-Roy Pvt Ltd,online_shopping,3942.49,Vedika,Raja,,"624, Tella Chowk, Amaravati-430247",Jodhpur,Nagaland,45.37465,0.140855,767597.0,"Engineer, civil (consulting)",8/1/1955,45.363545,0.13021,0.0,-5.59e+18
768377.0,9/23/2022 13:21,4655190000000.0,"fraud_Grewal, Bains and Dua Pvt Ltd",travel,603.38,Aniruddh,Tailor,F,"40, Atwal Zila, Rajahmundry-924874",Thiruvananthapuram,Jharkhand,-86.212743,-7.165466,593198.0,"Teacher, special educational needs",9/29/1966,-86.202474,-7.170345,1.0,7.64e+18
245338.0,1/11/2024 7:58,2257620000000000.0,"fraud_Kakar, Borde and Borra Pvt Ltd",fitness_and_medical,8156.97,Aarav,Thaman,M,"H.No. 216, Dyal Road, Tumkur-515518",Ballia,Telangana,1.4086705,90.460651,555803.0,"Editor, film/video",2/24/1979,1.394847,90.480218,0.0,7.72e+18
357033.0,,213181000000000.0,fraud_Borah-Mander Pvt Ltd,entertainment,3310.52,Anahi,Varma,M,"H.No. 384, Shan Ganj, Rewa-428439",Kolkata,Karnataka,73.4398,127.55865,492873.0,"Administrator, sports",8/24/1941,73.42002,127.578092,0.0,-4.98e+18
414897.0,11/7/2022 13:48,30292800000000.0,"fraud_Bawa, Chowdhury and Lad Pvt Ltd",online_shopping,1894.96,Zain,Chaudry,M,"31/401, Sule Road, Erode 933060",Sagar,Jharkhand,-13.634188,64.057647,821205.0,"Administrator, Civil Service",3/20/1971,-13.616013,64.073214,0.0,8.16e+18
738590.0,5/23/2022 16:15,3596050000000000.0,"fraud_Butala, Deol and Dass Pvt Ltd",online_shopping,3782.38,Nishith,Krishna,M,"71/29, Sathe Circle, Kochi-998479",Chittoor,Sikkim,40.423335,-155.033693,,"Administrator, arts",9/20/1991,40.405102,-155.028946,0.0,-2.78e+17
350561.0,11/3/2023 14:21,3505750000000000.0,"fraud_Venkataraman, Sha and Tata Pvt Ltd",travel,337.22,Indrajit,Kulkarni,F,"14/30, Rege Path, Pallavaram 217341",Bidhannagar,Uttarakhand,50.261474,-137.067878,524051.0,"Journalist, magazine",3/30/1998,50.266216,,1.0,4.47e+18
,,3549250000000000.0,fraud_Sharma-Dhar Pvt Ltd,entertainment,501.09,Abram,Sathe,F,"H.No. 491, Kata Path, Shivpuri-796482",Agra,Jharkhand,24.6482135,-121.314922,92467.0,Chiropractor,6/3/1975,24.660411,-121.298945,1.0,4.18e+18
391018.0,1/16/2024 8:40,378094000000000.0,fraud_Shah-Loyal Pvt Ltd,entertainment,9861.9,Ranbir,,F,"27, Bakshi Chowk, Berhampore 290816",Machilipatnam,,,66.993986,178787.0,Television camera operator,3/29/1981,55.459155,,1.0,-4.04e+18
,4/5/2024 15:49,30487200000000.0,fraud_Arora-Ram Pvt Ltd,fitness_and_medical,1531.84,Jayesh,Barad,F,"58, Iyengar Street, Faridabad-868031",Aizawl,Odisha,-4.336827,4.358267,166821.0,,6/9/2002,-4.340349,4.344581,1.0,-6.93e+18
367810.0,9/27/2022 18:44,4963960000000000.0,fraud_Mander Inc Pvt Ltd,entertainment,5301.89,Vardaniya,Dey,F,"14/54, Sinha Ganj, Chinsurah-924931",Ratlam,Maharashtra,-86.4077805,81.654776,125986.0,Exhibition designer,1/10/1971,-86.394438,81.644205,1.0,8.58e+18
,,4859780000000000.0,fraud_Luthra-Contractor Pvt Ltd,entertainment,4206.01,Nirvaan,Kade,M,"H.No. 31, Venkatesh Zila, Kakinada 881042",,Manipur,-36.37544,-178.929796,375413.0,Orthoptist,12/1/1997,,-178.949499,,-1.5e+18
825718.0,7/7/2023 7:02,4126110000000000.0,,entertainment,9139.49,Bhavin,Roy,M,,Rourkela,Meghalaya,,-8.62593,,Comptroller,10/20/1994,-14.437954,-8.607795,,6.24e+18
125804.0,12/10/2022 20:23,6011590000000000.0,fraud_Basu LLC Pvt Ltd,online_shopping,1726.66,Anika,Chowdhury,M,"H.No. 43, Sethi Path, Sri Ganganagar 373963",Meerut,Mizoram,31.019427,107.235868,810138.0,"Research officer, trade union",6/23/1946,31.029955,107.247011,1.0,-8.93e+18
791723.0,9/11/2023 6:49,,"fraud_Bora, Bhat and Baral Pvt Ltd",entertainment,442.6,Aarav,Tak,M,,Tumkur,Uttarakhand,9.5092065,-147.048882,370285.0,Public house manager,,9.51014,-147.04357,,-8.53e+18
203410.0,1/12/2023 16:02,3507480000000000.0,"fraud_Gole, Chopra and Rao Pvt Ltd",travel,,Aradhya,Ramesh,M,"H.No. 34, Kurian Street, New Delhi-872893",Panipat,Goa,82.1617625,-34.020251,127680.0,Fine artist,4/3/1941,82.145762,-34.001957,0.0,-3.19e+17
951618.0,11/16/2022 2:58,340560000000000.0,fraud_Raju Ltd Pvt Ltd,online_shopping,4796.18,Jiya,Ratti,M,"H.No. 267, Walia Street, Udupi-700043",Madanapalle,Madhya Pradesh,78.0376835,171.548296,222004.0,"Psychologist, educational",10/8/1963,78.026933,171.556336,0.0,4.44e+18
125683.0,12/20/2023 0:33,6011750000000000.0,fraud_Chanda Ltd Pvt Ltd,online_shopping,9134.47,Oorja,Dixit,M,"H.No. 439, Shenoy Path, Khora  026981",Hosur,Madhya Pradesh,-79.7860845,105.933647,581269.0,Tourism officer,12/24/1947,-79.798247,105.946501,1.0,-6.87e+18
264969.0,1/4/2024 19:30,374160000000000.0,"fraud_Kumar, Kade and Hayer Pvt Ltd",online_shopping,6618.64,Kiaan,Khurana,F,"27/291, Khatri Circle, Kurnool-547979",Navi Mumbai,,-4.139387,163.538053,156015.0,Ambulance person,6/13/1999,-4.143541,163.527901,1.0,-9.14e+18
808146.0,2/6/2023 14:59,6585320000000000.0,fraud_Sarkar-Ratti Pvt Ltd,online_shopping,1655.54,Kismat,Setty,M,"02, Lala Nagar, Etawah-420074",Proddatur,Gujarat,-87.518676,-76.929932,458731.0,Hospital pharmacist,3/2/1967,-87.538621,-76.937316,1.0,-9.09e+18
870637.0,9/28/2022 11:29,3507960000000000.0,"fraud_Suri, Sahota and Kannan Pvt Ltd",online_shopping,1744.89,Neelofar,,M,,Akola,Bihar,33.679167,,587709.0,Public house manager,10/31/1963,33.673505,-147.319671,0.0,2.85e+18
748043.0,6/30/2023 18:40,3535110000000000.0,"fraud_Behl, Saha and Varma Pvt Ltd",entertainment,3167.64,Ranbir,Sastry,,"H.No. 241, Butala Street, Khandwa 859997",Rohtak,Madhya Pradesh,21.40751,0.453723,255371.0,Futures trader,5/6/1952,21.403584,0.444523,1.0,
981028.0,12/21/2022 18:00,4209630000000000.0,fraud_Sankar-Varkey Pvt Ltd,entertainment,3790.92,Rasha,Baral,M,"27, Bhatt Road, Sri Ganganagar 024022",Bhilai,Uttar Pradesh,-56.074105,23.245722,364904.0,"Conservator, museum/gallery",3/3/1979,-56.068978,23.260681,1.0,8.59e+18
383119.0,4/24/2022 16:44,2477590000000000.0,fraud_Iyengar LLC Pvt Ltd,fitness_and_medical,5713.61,Elakshi,,M,"46, Dey Zila, Guntur-354847",Kanpur,,-87.4309985,-115.612112,913541.0,Toxicologist,6/13/2003,,-115.613344,,9.28e+17
652042.0,10/24/2023 18:12,4.56922e+18,"fraud_Andra, Walia and Suri Pvt Ltd",entertainment,7293.97,Lakshay,Bava,M,"H.No. 85, Biswas Zila, Noida-363987",Raiganj,Sikkim,82.109083,-63.194746,804888.0,"Administrator, charities/voluntary organisations",11/29/2005,82.117448,,1.0,3.73e+18
320894.0,2/8/2023 3:28,371338000000000.0,fraud_Apte Group Pvt Ltd,entertainment,1455.26,Zara,Wali,F,"28, Bhalla, Begusarai 183881",Durg,Jharkhand,74.8902975,179.123924,361281.0,Communications engineer,10/4/2005,74.87075,179.109965,0.0,6.41e+18
160572.0,4/13/2024 20:29,3548330000000000.0,"fraud_Ratti, Rana and Vaidya Pvt Ltd",online_shopping,5766.94,,Issac,F,"86, Bhargava Circle, Bijapur-782793",,Tamil Nadu,-54.809309,-51.095182,720432.0,Air traffic controller,11/9/1951,-54.791777,-51.105558,1.0,
964885.0,8/30/2022 12:38,340373000000000.0,"fraud_Bava, Uppal and Grewal Pvt Ltd",online_shopping,4874.73,Shlok,Lalla,F,"H.No. 77, Grover Marg, Varanasi 566673",Ratlam,Himachal Pradesh,61.9917925,-31.653616,438957.0,Social researcher,10/4/1978,62.000884,-31.642418,0.0,8.79e+18
577322.0,7/25/2023 3:55,6011980000000000.0,fraud_Wali-Butala Pvt Ltd,fitness_and_medical,8456.15,Vivaan,Lata,F,"71, Grover Zila, Jalna-977706",Visakhapatnam,Chhattisgarh,12.8639885,-162.269705,456229.0,"Designer, interior/spatial",5/3/1962,12.844944,-162.272224,0.0,6.52e+18
954550.0,10/6/2022 12:31,4.39218e+18,fraud_Deol LLC Pvt Ltd,entertainment,5838.64,Raghav,Malhotra,F,"19/493, Loyal Street, Bettiah 904658",Thanjavur,Andhra Pradesh,-63.620463,-56.261547,739524.0,Retail banker,8/20/1944,-63.639625,-56.274243,0.0,-5.37e+18
653585.0,8/5/2022 2:11,3589120000000000.0,fraud_Anne-Mandal Pvt Ltd,online_shopping,2276.34,Ela,Chopra,F,"62/554, Sarna Chowk, Junagadh-571540",Katni,Mizoram,47.6205995,-32.978088,461185.0,Chief Financial Officer,11/9/1942,47.611256,-32.962146,1.0,-7.46e+18
,8/6/2022 2:58,5374070000000000.0,fraud_Vaidya Group Pvt Ltd,entertainment,4811.79,Alisha,Dube,M,"H.No. 114, Ravi Nagar, Madanapalle-135673",Ongole,,52.670846,40.930961,297793.0,Emergency planning/management officer,4/24/2003,52.683514,40.950747,0.0,
693200.0,6/15/2023 17:16,6529650000000000.0,"fraud_Raju, Magar and Gaba Pvt Ltd",travel,7448.37,Siya,Jhaveri,M,,Chittoor,Karnataka,11.716837,67.641053,812457.0,Community arts worker,4/13/1984,11.703021,67.633606,1.0,3.87e+18
839892.0,9/30/2023 14:56,38509500000000.0,"fraud_Sunder, Roy and Devan Pvt Ltd",entertainment,2568.42,Alia,Chatterjee,F,"55/13, Vora Nagar, Dhanbad-593857",Visakhapatnam,Odisha,5.1188755,14.297156,474599.0,Manufacturing engineer,5/15/1952,5.12872,14.314402,,8.92e+18
682344.0,6/5/2022 18:32,676391000000.0,fraud_Sane Group Pvt Ltd,entertainment,1486.09,Divit,Ramachandran,M,"H.No. 85, Reddy Street, Vellore 457083",Gudivada,Jharkhand,-52.7585555,58.554626,308282.0,Astronomer,4/8/1943,-52.761949,58.53825,1.0,-4.95e+18
171893.0,4/30/2023 11:43,4670900000000000.0,fraud_Rastogi Inc Pvt Ltd,entertainment,5677.85,Ojas,Bera,M,"59, Mall, Naihati 057213",Saharsa,Sikkim,,39.983677,391629.0,Food technologist,11/1/1989,39.561746,39.997473,0.0,1.1e+18
,11/14/2022 9:49,3564570000000000.0,"fraud_Issac, Kumer and Warrior Pvt Ltd",travel,5160.22,Yuvraj ,Sant,F,"856, Roy, Vasai-Virar-377379",,,79.6773275,-19.590298,969504.0,Advertising account planner,7/4/1949,79.681006,-19.601818,1.0,-3.11e+18
632111.0,1/12/2024 19:30,586216000000.0,fraud_Korpal LLC Pvt Ltd,entertainment,1284.6,Abram,Sridhar,M,"14/04, Bassi Street, Agartala-349992",Hosur,Uttar Pradesh,59.999081,154.268329,383849.0,Curator,,60.017168,154.279997,0.0,-7.75e+18
237513.0,12/15/2022 17:44,5123160000000000.0,,,5573.82,Anahita,Randhawa,F,"59/75, D’Alia Chowk, Srikakulam 301851",Kishanganj,Punjab,75.5039135,16.389932,911314.0,Fine artist,2/3/1962,75.494146,16.401705,1.0,-4.03e+18
181661.0,3/9/2023 1:58,572275000000.0,fraud_Rattan Inc Pvt Ltd,online_shopping,9869.15,Kartik,Baria,M,"H.No. 04, Bhat Circle, Pondicherry-020929",Panvel,Bihar,37.9205525,62.596363,287652.0,Magazine journalist,10/19/1943,37.92287,62.610864,1.0,
485359.0,2/4/2023 21:59,30285700000000.0,"fraud_Kapadia, Warrior and Gole Pvt Ltd",,5628.53,Farhan,Dugar,M,"82/773, Rattan Path, Kanpur 246396",Kozhikode,Maharashtra,-33.086309,35.406895,341336.0,Financial risk analyst,10/30/1998,-33.096848,35.425677,0.0,2.85e+18
107708.0,10/23/2023 10:06,4908210000000000.0,fraud_Babu-Goyal Pvt Ltd,,2776.53,Ryan,,F,"203, Kadakia Zila, Siwan 978580",Rajahmundry,Goa,,-115.048332,958498.0,,7/13/1949,60.059767,-115.03332,1.0,3.2e+18
729679.0,,4180720000000.0,"fraud_Mahajan, Yadav and Suresh Pvt Ltd",travel,9390.84,Myra,Ahuja,M,"30/727, Bhatt Nagar, Haldia 578133",Nashik,Odisha,,34.589278,552484.0,Retail merchandiser,5/3/1997,,34.576174,0.0,3.54e+18
917208.0,12/10/2022 18:15,,fraud_Behl-Setty Pvt Ltd,fitness_and_medical,6684.4,Devansh,Malhotra,F,"89, Sawhney Circle, Tinsukia-841193",Durg,Uttarakhand,,-113.629096,646219.0,Armed forces technical officer,10/31/1970,6.260475,-113.616211,1.0,
511005.0,6/13/2022 9:46,4.44342e+18,fraud_Sastry-Dubey Pvt Ltd,,8437.21,Kismat,Kalla,F,"H.No. 78, Kar Street, Raipur 493233",Rourkela,Meghalaya,6.673446,,653447.0,,,6.680722,-79.105443,1.0,2.31e+17
869222.0,10/9/2022 22:13,4362200000000.0,,travel,180.04,Abram,Khosla,M,"053, Wali Ganj, Bokaro-956981",Dhanbad,Odisha,39.54427,17.365921,461888.0,Phytotherapist,1/24/1974,39.531661,17.361999,0.0,1.75e+18
910324.0,4/7/2024 12:27,4541990000000000.0,fraud_Raman-Ram Pvt Ltd,entertainment,9359.42,Oorja,Srivastava,F,"20/029, Khanna Ganj, Nagercoil 457969",Muzaffarpur,West Bengal,12.790652,,750268.0,Event organiser,7/22/1966,12.781988,40.087064,1.0,-1.84e+18
194941.0,3/25/2023 6:25,4.05572e+18,fraud_Bala Ltd Pvt Ltd,online_shopping,,Advika,Virk,F,"880, Borde Chowk, Ambala-606482",Gwalior,Tripura,,-86.105888,671453.0,Financial adviser,3/8/1980,41.098969,-86.103745,0.0,3.95e+18
685416.0,,4273900000000000.0,"fraud_Hora, Tella and Bawa Pvt Ltd",online_shopping,3294.28,,Soni,F,"728, Anne Road, Madhyamgram-169150",Shahjahanpur,Punjab,31.0135865,-134.108347,509899.0,Public relations account executive,7/27/1996,31.002006,-134.121969,1.0,6.15e+18
,12/31/2023 18:18,378029000000000.0,"fraud_Johal, Desai and Gill Pvt Ltd",entertainment,7314.79,,Rama,F,,Morbi,Nagaland,-3.3199455,-60.881237,394725.0,,,,-60.879536,0.0,-3e+18
576334.0,10/2/2022 23:52,213198000000000.0,fraud_Chada-Vohra Pvt Ltd,travel,7816.51,Saira,Sunder,F,"16/683, Bhat Road, Sagar-569068",Moradabad,Madhya Pradesh,31.2805,134.436932,720787.0,Conference centre manager,10/1/1972,31.292036,134.436502,0.0,3.8e+17
815727.0,3/5/2023 5:50,582182000000.0,fraud_Bora and Sons Pvt Ltd,entertainment,7647.57,Baiju,Sarma,M,"61, Devi Chowk, Ozhukarai-982763",Ajmer,Kerala,-23.8477375,-40.13154,110796.0,Therapeutic radiographer,10/15/1939,-23.8581,,0.0,-6.34e+18
669216.0,4/4/2023 19:59,213163000000000.0,"fraud_Sachdeva, Dalal and Garg Pvt Ltd",entertainment,9153.11,Saira,,M,"83, Sridhar Ganj, Tinsukia-703872",Bettiah,,,,387300.0,Chemical engineer,,-60.086841,161.923162,0.0,2.86e+18
198642.0,4/1/2024 4:34,2675200000000000.0,"fraud_Dugar, Zachariah and Shan Pvt Ltd",,,Chirag,Chana,M,"39/984, Amble Zila, Unnao 842465",Dibrugarh,Tripura,52.45132,150.975561,902549.0,Agricultural consultant,2/21/1949,52.462517,150.988001,0.0,-4.92e+17
720262.0,1/25/2023 19:54,30589200000000.0,"fraud_Choudhry, Bhagat and Chaudhry Pvt Ltd",fitness_and_medical,,Armaan,Loyal,F,"94, Mangal Street, Singrauli 379590",Kolkata,,16.1022455,158.185137,953982.0,"Clinical scientist, histocompatibility and immunogenetics",9/28/1949,16.095104,158.197194,0.0,-4.53e+18
211818.0,8/29/2023 9:39,4790770000000000.0,fraud_Talwar-Chaudhry Pvt Ltd,entertainment,,Elakshi,Sagar,M,"746, Guha Nagar, Chandigarh-723287",Aurangabad,Odisha,,120.096578,637250.0,Prison officer,9/12/1986,65.485576,120.095538,1.0,-1.6e+18
840640.0,5/18/2023 18:14,6011580000000000.0,"fraud_Toor, Mane and Din Pvt Ltd",online_shopping,9980.29,Parinaaz,Raju,M,"198, Venkatesh Road, Ramgarh-523668",Jamalpur,Sikkim,-63.4240665,84.064138,344870.0,Private music teacher,7/26/1943,-63.436005,84.059183,0.0,5.22e+18
687059.0,,376682000000000.0,fraud_Lala-Rastogi Pvt Ltd,online_shopping,154.59,,Choudhry,F,"H.No. 030, Kala Road, Shivpuri 908646",Srinagar,Andhra Pradesh,,-124.721849,80008.0,"Pharmacist, community",2/16/1943,-11.092913,-124.710077,1.0,9.15e+18
409833.0,2/24/2024 20:13,4897800000000.0,fraud_Vaidya-Dugal Pvt Ltd,travel,7040.43,Renee,Choudhary,M,,Shahjahanpur,Uttarakhand,77.005772,123.523035,141700.0,Clothing/textile technologist,10/4/1997,77.012576,123.513727,1.0,5.06e+18
388444.0,4/14/2024 12:52,213109000000000.0,fraud_Sheth-Karan Pvt Ltd,entertainment,4420.76,Drishya,Bansal,F,"786, Gole Road, Hazaribagh-700971",Bhiwandi,Jharkhand,46.5597865,-24.453321,952576.0,"Engineer, electrical",,46.559149,-24.466601,1.0,4.45e+18
164969.0,8/16/2022 7:05,3521560000000000.0,fraud_Sabharwal-Seth Pvt Ltd,fitness_and_medical,4568.05,Raghav,Mammen,M,"34/45, Sane Road, Jamshedpur 025757",Shimla,Odisha,69.3314695,-123.68387,,Oncologist,3/2/1953,69.33919,-123.679378,1.0,-8.48e+18
452988.0,,,fraud_Mammen-Bali Pvt Ltd,entertainment,6260.92,Madhup,Kala,F,"H.No. 435, Yogi Circle, Bhilai 751435",Alwar,Tamil Nadu,,108.28099,293717.0,English as a foreign language teacher,6/18/1980,-81.356121,108.275522,0.0,8.9e+18
352107.0,5/20/2022 12:40,6544710000000000.0,fraud_Chaudry and Sons Pvt Ltd,entertainment,9687.79,Indranil,Kara,,"62, Kannan Path, Kozhikode-249462",Bardhaman,Jharkhand,-36.062224,32.713291,653751.0,Acupuncturist,6/7/1968,-36.045487,32.73245,0.0,-6.75e+18
218257.0,9/22/2023 7:34,6584210000000000.0,fraud_Devi Inc Pvt Ltd,travel,2031.93,Zaina,Rajan,,"95/17, Banerjee Street, Ulhasnagar 192704",Madanapalle,Maharashtra,-12.231597,134.976874,404159.0,"Scientist, forensic",2/27/1979,-12.24577,134.989029,1.0,6.44e+18
991241.0,5/28/2023 1:06,30373700000000.0,"fraud_Acharya, Thakkar and Biswas Pvt Ltd",travel,8897.32,Dhanuk,Kaur,F,"36/390, Lall Marg, Parbhani 087619",Kamarhati,Sikkim,-29.3443575,-164.023189,381937.0,"Designer, ceramics/pottery",,-29.325973,-164.016505,0.0,-1.09e+18
639323.0,1/8/2023 21:36,,fraud_Baria PLC Pvt Ltd,travel,,Samarth,Kaur,M,"56/53, Ganesan Zila, Akola 854128",,Karnataka,85.916878,-132.804394,334569.0,"Engineer, land",12/16/1989,85.927918,,0.0,-5.71e+18
613699.0,9/14/2022 0:48,344968000000000.0,"fraud_Dhaliwal, Keer and Gandhi Pvt Ltd",online_shopping,,Oorja,Raju,F,"804, Tripathi Path, Proddatur 419925",Chinsurah,Assam,-9.679582,51.889236,896806.0,,,-9.676239,51.897704,0.0,8.86e+18
692967.0,9/30/2023 8:58,4785310000000000.0,fraud_Bobal LLC Pvt Ltd,entertainment,4353.69,Saksham,Kakar,M,"12/090, Savant Nagar, Shahjahanpur-486935",Pudukkottai,Telangana,-22.1575015,159.935868,,"Engineer, agricultural",1/3/1954,-22.165139,159.942625,1.0,6.92e+17
140648.0,7/3/2023 16:57,4.51298e+18,fraud_Bhattacharyya-Madan Pvt Ltd,online_shopping,,Divit,Rama,M,"H.No. 975, Bhat Zila, Sangli-Miraj & Kupwad 637252",Hajipur,Sikkim,-55.494977,22.148528,230767.0,"Education officer, community",2/5/1952,-55.499085,22.147907,1.0,-6.18e+18
117823.0,1/21/2023 6:31,4412990000000.0,"fraud_Bhat, Bhandari and Das Pvt Ltd",online_shopping,3710.18,Alia,Gour,M,"71, Boase Marg, Eluru-386378",Bhimavaram,Goa,-79.774522,-100.937889,458306.0,Technical author,3/24/2004,-79.792616,-100.955582,1.0,-6.6e+18
447346.0,5/18/2022 6:34,345818000000000.0,"fraud_Suresh, Sood and Sem Pvt Ltd",travel,7155.81,Anahita,Srinivas,M,"81/664, Walla Path, Hospet-447667",Kharagpur,Meghalaya,-86.0607415,,647889.0,"Therapist, horticultural",6/22/1948,-86.071079,33.108939,0.0,3.03e+18
348785.0,10/12/2023 21:30,5439640000000000.0,"fraud_Dara, Kakar and Mammen Pvt Ltd",online_shopping,7321.94,Lagan,Sarin,M,"75/327, Hayre Ganj, Rajahmundry 779997",Jamalpur,Rajasthan,-22.1347455,-146.642501,28082.0,Armed forces operational officer,10/27/1970,-22.141529,-146.64904,0.0,
,12/31/2023 18:18,378029000000000.0,"fraud_Johal, Desai and Gill Pvt Ltd",entertainment,7314.79,,Rama,F,,Morbi,Nagaland,-3.3199455,-60.881237,394725.0,,,,-60.879536,0.0,-3e+18
226943.0,,4.23758e+18,,online_shopping,5655.13,Ahana ,Raja,M,"55/27, Sarin, Ozhukarai-428729",Kumbakonam,Rajasthan,-14.666125,35.409834,258745.0,Outdoor activities/education manager,9/2/1973,-14.681864,35.411725,1.0,-6.76e+18
983740.0,11/7/2022 17:37,584010000000.0,fraud_Vora-Madan Pvt Ltd,,6658.2,Bhavin,Mall,F,"47/984, Lall Ganj, Jabalpur-025445",Gulbarga,Uttarakhand,24.847064,168.181785,42169.0,Curator,6/5/1969,24.850482,168.175676,1.0,
372031.0,3/31/2023 11:32,30153300000000.0,"fraud_Sundaram, Bhagat and Kakar Pvt Ltd",travel,1867.25,Kartik,Sant,F,"55/159, Ben Road, Patna 882525",Cuttack,Arunachal Pradesh,-74.6414935,-56.11893,362678.0,"Civil engineer, contracting",11/10/1946,-74.655362,-56.121185,1.0,-2.34e+18
610372.0,11/1/2023 18:27,4.47172e+18,"fraud_Suresh, Gala and Ghose Pvt Ltd",fitness_and_medical,2070.95,Samaira,Vyas,F,"H.No. 55, Bhatnagar Path, Kolkata 383889",Serampore,Punjab,,-105.481687,569496.0,Waste management officer,3/19/1986,-76.112274,-105.463684,1.0,
508843.0,2/1/2023 14:59,341970000000000.0,"fraud_Sethi, Soman and Rattan Pvt Ltd",entertainment,5269.84,Keya,Chadha,M,"06/338, Bala Path, Asansol-587915",Bidar,Bihar,0.9853635,70.007274,31004.0,"Engineer, petroleum",12/15/2001,1.002182,70.000638,1.0,6.65e+18
644199.0,12/17/2023 1:02,2557950000000000.0,fraud_Tandon Group Pvt Ltd,travel,6597.97,Tejas,Krishnamurthy,F,"29/285, Agarwal Path, Lucknow 958314",Kulti,Haryana,,-144.609957,159066.0,Art therapist,9/8/1991,-9.333338,-144.608427,0.0,6.49e+18
,9/18/2022 23:04,30250000000000.0,"fraud_Gade, Kunda and Randhawa Pvt Ltd",online_shopping,2293.84,Misha,Gala,F,"H.No. 445, Mangat Ganj, Kollam-338596",Gurgaon,Tripura,19.116517,-105.709415,190588.0,Health service manager,4/27/1986,19.122628,-105.703158,0.0,7.86e+18
564043.0,10/27/2023 15:40,4.64193e+18,"fraud_Contractor, Chaudhary and Butala Pvt Ltd",online_shopping,,Lagan,,M,"515, Basak Zila, Bikaner 376506",Anand,Karnataka,72.605664,136.284539,166767.0,Financial trader,11/10/1941,72.616019,136.281187,1.0,2.45e+18
831654.0,8/7/2022 20:01,4199830000000.0,"fraud_Taneja, Sarkar and Iyengar Pvt Ltd",entertainment,936.93,Yashvi,Sarna,M,"H.No. 215, Khare Path, Vellore 532680",Barasat,Punjab,71.154951,-93.148208,94534.0,Herpetologist,1/2/1953,,-93.141553,0.0,7.42e+18
260479.0,6/2/2023 0:15,4537690000000000.0,fraud_Dugal Ltd Pvt Ltd,online_shopping,2748.3,Nirvi,Mani,,"443, Sahni Marg, Moradabad-895380",Ahmedabad,Manipur,72.9182075,-36.424384,427240.0,Plant breeder/geneticist,9/15/1939,72.935822,-36.42694,1.0,7.41e+18
665634.0,9/11/2022 11:40,,,travel,,Lakshit,Borde,F,,Orai,Gujarat,22.2459725,,489686.0,Advertising copywriter,3/6/1944,22.241453,13.673216,1.0,4.01e+18
,9/7/2022 18:11,6552820000000000.0,fraud_Hayer LLC Pvt Ltd,,5301.68,Devansh,Bava,F,"980, Dua Nagar, Nagercoil 513599",Uluberia,Assam,-89.368701,16.075709,488230.0,English as a second language teacher,7/6/1956,-89.36384,16.066505,0.0,-4.69e+18
993774.0,6/27/2022 20:07,376978000000000.0,fraud_Gara-Keer Pvt Ltd,travel,7154.12,Inaaya ,Chaudhuri,M,"H.No. 575, Kade Circle, Anantapur 996966",Vasai-Virar,Mizoram,-39.9072155,49.798404,18838.0,Education administrator,6/9/1949,-39.889851,49.781624,0.0,4.82e+18
770506.0,1/13/2024 4:43,3553150000000000.0,fraud_Sami and Sons Pvt Ltd,travel,1557.6,Stuvan,Dey,M,"70/26, Tella Street, Ramagundam-489636",Katni,Uttarakhand,42.205247,16.930497,118943.0,"Surveyor, building",8/14/1948,42.213087,16.917094,0.0,4.93e+18
838879.0,1/30/2023 19:04,30008500000000.0,fraud_Kannan Group Pvt Ltd,entertainment,8884.81,Pari,Varghese,F,"75/40, Varghese Circle, Alappuzha-626828",Morbi,West Bengal,32.643438,34.531496,553011.0,Chemical engineer,11/27/1951,32.643063,34.52682,1.0,7.96e+18
,9/1/2023 17:28,676288000000.0,fraud_Baral-Hari Pvt Ltd,fitness_and_medical,4320.66,Darshit,Keer,F,"H.No. 96, Kothari Road, Ambala 555584",Noida,Mizoram,,-152.963638,99203.0,Archaeologist,2/17/1952,38.078885,-152.970115,,-5.27e+18
812902.0,2/3/2024 21:01,6012000000000000.0,fraud_Kurian-Vyas Pvt Ltd,online_shopping,4957.29,Mehul,Rao,F,"73/530, Ratta Path, Ranchi 233713",Tiruchirappalli,West Bengal,,-169.279859,649503.0,"Librarian, public",8/24/1970,40.683903,-169.282611,0.0,-7.19e+18
881039.0,8/20/2022 8:07,4672650000000000.0,"fraud_Ganguly, Varughese and Wali Pvt Ltd",online_shopping,9403.99,Samarth,Kohli,M,,Morena,West Bengal,15.338514,-45.740107,898338.0,Secretary/administrator,,15.34139,-45.74496,0.0,-3.47e+18
610372.0,11/1/2023 18:27,4.47172e+18,"fraud_Suresh, Gala and Ghose Pvt Ltd",fitness_and_medical,2070.95,Samaira,Vyas,F,"H.No. 55, Bhatnagar Path, Kolkata 383889",Serampore,Punjab,,-105.481687,569496.0,Waste management officer,3/19/1986,-76.112274,-105.463684,1.0,
691363.0,12/23/2023 8:36,4957480000000.0,"fraud_Sachar, Bail and Sarraf Pvt Ltd",travel,3334.06,Rohan,Gola,,"51/06, Dhar Path, Aizawl 900009",Phusro,,-53.6177755,162.957322,505756.0,"Lecturer, further education",4/9/1958,-53.60648,162.973966,,5.49e+18
515032.0,11/11/2022 15:42,4976380000000000.0,fraud_Mall-Goel Pvt Ltd,,9454.24,Alisha,Dube,F,"H.No. 950, Mahajan Chowk, Narasaraopet-847701",Akola,West Bengal,60.3979055,-70.763255,293635.0,"Psychotherapist, child",1/6/1990,60.384216,-70.764618,1.0,-7.74e+18
320522.0,2/13/2024 1:27,2289840000000000.0,,travel,7669.51,,Sidhu,M,"02/247, Ram Nagar, Saharanpur 980768",Tiruchirappalli,Tamil Nadu,17.053345,-155.452622,488273.0,Financial adviser,2/15/1955,17.046968,-155.461905,0.0,4.42e+18
710574.0,11/13/2022 0:27,503822000000.0,fraud_Chandra-Kadakia Pvt Ltd,fitness_and_medical,4904.35,Taran,Srinivasan,M,"H.No. 71, Kalla Ganj, Jamshedpur 553618",Pondicherry,Gujarat,,69.275016,382282.0,Retail merchandiser,11/14/1999,27.341942,69.271678,0.0,5.89e+18
903906.0,4/8/2023 17:47,3575290000000000.0,fraud_Mand Group Pvt Ltd,fitness_and_medical,4942.61,Inaaya ,Sanghvi,,"33/42, Dass Street, Karawal Nagar 932565",Udupi,Karnataka,9.640647,155.896693,724695.0,"Administrator, sports",1/3/1950,9.647987,155.895993,1.0,-6.29e+18
413126.0,10/13/2023 17:09,4.73629e+18,"fraud_Chokshi, Kapoor and Kota Pvt Ltd",fitness_and_medical,8582.92,Tushar,Varghese,F,"21/255, Aurora Nagar, Rajpur Sonarpur-466484",Gangtok,,12.2288225,125.813807,123975.0,Systems developer,5/9/1984,12.212805,125.821014,1.0,-4.72e+18
787084.0,7/30/2022 5:01,4561700000000.0,fraud_Issac-Sant Pvt Ltd,,6183.41,Madhup,Singhal,F,,,Karnataka,-15.43423,80.516745,,,1/25/1943,-15.437744,80.526267,0.0,-3.55e+18
291047.0,9/7/2022 10:45,3507650000000000.0,fraud_Uppal-Dash Pvt Ltd,online_shopping,3768.2,Advik,,F,"H.No. 92, Kurian Nagar, Visakhapatnam 090662",Giridih,Tripura,65.827712,-18.600118,509399.0,Legal executive,8/24/1958,65.814873,-18.599099,1.0,2.16e+18
336817.0,1/11/2024 15:33,30313800000000.0,fraud_Kulkarni Group Pvt Ltd,online_shopping,1867.33,Madhup,Kothari,M,"29, Bali Path, Udupi 902053",Bhiwani,Goa,-80.3575545,169.529259,1764.0,Information systems manager,,-80.341579,169.524109,1.0,-6.95e+17
,2/26/2023 3:04,,"fraud_Rana, Kapur and Suri Pvt Ltd",entertainment,,Himmat,Chaudhary,F,"60/29, Kapadia Road, Jaunpur-285888",Agartala,Arunachal Pradesh,,31.743241,465979.0,Gaffer,4/10/1947,53.176299,31.733018,0.0,
941247.0,3/2/2024 17:29,4481120000000.0,fraud_Chahal-Bala Pvt Ltd,,3980.61,Kimaya,Joshi,,"32, Shukla Zila, Madhyamgram 840443",Orai,Haryana,-6.347741,-60.029472,186019.0,Haematologist,10/29/1994,-6.351083,,1.0,8.59e+17
227780.0,6/6/2023 13:15,4.88987e+18,fraud_Ramanathan-Maharaj Pvt Ltd,fitness_and_medical,1894.81,,Divan,M,"H.No. 87, Sarin Path, Begusarai-312219",Secunderabad,Goa,,25.408437,984134.0,"Designer, industrial/product",12/11/1995,-35.423786,,1.0,8.56e+18
836578.0,8/23/2022 16:02,3510160000000000.0,fraud_Deshmukh-Ganesan Pvt Ltd,travel,8617.28,Anya,Johal,M,"56/758, Venkatesh Ganj, Berhampore-605996",Kota,Goa,-81.248745,170.585568,196294.0,,5/6/1950,-81.250013,,0.0,-8.79e+18
483147.0,5/8/2022 19:35,4780460000000000.0,fraud_Lal-Singhal Pvt Ltd,online_shopping,5686.29,Pihu,Sura,F,"H.No. 05, Bora Zila, Junagadh 309347",Surat,Mizoram,40.405602,-49.194562,411620.0,Chartered legal executive (England and Wales),9/25/2000,40.392355,-49.176135,1.0,-4.38e+18
648879.0,3/14/2023 11:41,6011900000000000.0,fraud_Jani and Sons Pvt Ltd,entertainment,6113.26,Badal,Gokhale,M,,Vellore,Chhattisgarh,55.708292,124.996196,778108.0,Water quality scientist,9/25/1964,55.709994,124.993645,1.0,6.43e+18
532875.0,,213184000000000.0,"fraud_Zacharia, Loyal and Kalita Pvt Ltd",online_shopping,2002.05,Alisha,Manda,F,"H.No. 516, Dass Street, Kolkata 811964",Mira-Bhayandar,Arunachal Pradesh,-19.7945555,88.45491,510719.0,"Therapist, music",11/20/1947,-19.776668,88.45103,0.0,-8.69e+18
934632.0,8/6/2022 1:01,4563550000000000.0,"fraud_Tara, Krishna and Butala Pvt Ltd",fitness_and_medical,2014.23,Emir,Dani,F,"069, Kale Road, Ozhukarai-603916",Bhatpara,Karnataka,51.079943,-136.38034,514683.0,Magazine features editor,1/24/1963,51.089142,-136.360947,1.0,6.19e+18
456577.0,3/12/2024 10:29,503897000000.0,"fraud_Lata, Contractor and Ram Pvt Ltd",travel,8506.4,Samiha,Madan,M,"H.No. 795, Chad Road, Asansol-891030",Tadepalligudem,Maharashtra,13.136166,140.291169,,,12/6/1977,13.143056,140.302747,1.0,1.02e+18
998519.0,10/26/2022 2:29,2292270000000000.0,"fraud_Manne, Talwar and Bhardwaj Pvt Ltd",online_shopping,4810.47,,Divan,M,"56/496, Apte Circle, Tirunelveli 183637",Tenali,West Bengal,-30.053611,83.874003,113791.0,Building control surveyor,,-30.063738,83.888033,1.0,7.87e+18
123434.0,3/16/2024 10:50,4664300000000.0,"fraud_Borra, Uppal and Acharya Pvt Ltd",travel,1749.79,Shalv,Dua,M,"65/94, Setty Path, Bulandshahr 748686",,Nagaland,-16.851057,41.747687,7774.0,,1/17/1959,-16.852494,41.758914,0.0,-3.5e+18
648033.0,11/17/2023 8:13,4933630000000000.0,"fraud_Master, Borde and Sahni Pvt Ltd",fitness_and_medical,,Shray,Dara,M,"95/705, Bhasin Street, Davanagere-277531",Udaipur,,-14.9972415,77.747655,841202.0,Ceramics designer,8/12/1946,-15.013236,77.751369,0.0,4.45e+18
127119.0,6/4/2022 1:58,,fraud_Dutta-Golla Pvt Ltd,travel,6484.06,Shaan,Issac,M,"833, Konda Circle, Aurangabad-707616",Kolhapur,Tamil Nadu,-84.009312,168.904703,953004.0,Logistics and distribution manager,2/10/1974,-84.005288,168.890727,1.0,-3.04e+18
409833.0,2/24/2024 20:13,4897800000000.0,fraud_Vaidya-Dugal Pvt Ltd,travel,7040.43,Renee,Choudhary,M,,Shahjahanpur,Uttarakhand,77.005772,123.523035,141700.0,Clothing/textile technologist,10/4/1997,77.012576,123.513727,1.0,5.06e+18
658386.0,1/19/2023 22:49,4469130000000000.0,"fraud_Raman, Vaidya and Mahal Pvt Ltd",online_shopping,7774.28,Suhana,Srivastava,M,"H.No. 66, Brahmbhatt Chowk, Kottayam-438509",Rajkot,Telangana,-68.467579,-11.098594,19752.0,Forest/woodland manager,,-68.458937,-11.096239,1.0,5.3e+18
125736.0,2/23/2024 20:30,4729600000000.0,,online_shopping,774.15,Shayak,Raja,M,"H.No. 00, Dube Circle, Lucknow-458601",Warangal,,61.2310605,,732559.0,,6/4/1969,61.247111,25.391907,,-6.6e+18
